/*
 Navicat Premium Dump SQL

 Source Server         : MyConnect
 Source Server Type    : MySQL
 Source Server Version : 80043 (8.0.43)
 Source Host           : localhost:3306
 Source Schema         : furniture-system

 Target Server Type    : MySQL
 Target Server Version : 80043 (8.0.43)
 File Encoding         : 65001

 Date: 15/07/2026 10:06:04
*/

SET NAMES utf8mb4;
SET FOREIGN_KEY_CHECKS = 0;

-- ----------------------------
-- Table structure for comment_append
-- ----------------------------
DROP TABLE IF EXISTS `comment_append`;
CREATE TABLE `comment_append`  (
  `id` bigint NOT NULL AUTO_INCREMENT,
  `main_comment_id` bigint NOT NULL COMMENT 'дё»иҜ„д»·id',
  `user_id` bigint NOT NULL COMMENT 'з”ЁжҲ·id',
  `append_content` varchar(500) CHARACTER SET utf8mb4 COLLATE utf8mb4_0900_ai_ci NULL DEFAULT NULL COMMENT 'иҝҪиҜ„ж–Үеӯ—',
  `append_img` varchar(1000) CHARACTER SET utf8mb4 COLLATE utf8mb4_0900_ai_ci NULL DEFAULT NULL COMMENT 'иҝҪиҜ„еӣҫзүҮ(JSONж•°з»„)',
  `append_num` int NOT NULL COMMENT 'з¬¬еҮ ж¬ЎиҝҪиҜ„(1/2)',
  `status` tinyint NULL DEFAULT 1 COMMENT 'е®Ўж ёзҠ¶жҖҒ(0еҫ…е®Ў1йҖҡиҝҮ2жӢ’з»қ)',
  `append_time` datetime NULL DEFAULT CURRENT_TIMESTAMP COMMENT 'иҝҪиҜ„ж—¶й—ҙ',
  `deleted` tinyint(1) NOT NULL DEFAULT 0 COMMENT 'йҖ»иҫ‘еҲ йҷӨ(0жңӘеҲ /1е·ІеҲ )',
  `user_deleted` tinyint(1) NOT NULL DEFAULT 0 COMMENT 'з”ЁжҲ·еҲ йҷӨ(0жңӘеҲ /1е·ІеҲ )',
  PRIMARY KEY (`id`) USING BTREE,
  UNIQUE INDEX `uk_main_append_num`(`main_comment_id` ASC, `append_num` ASC) USING BTREE,
  INDEX `idx_main_comment_id`(`main_comment_id` ASC) USING BTREE,
  INDEX `idx_user_id`(`user_id` ASC) USING BTREE,
  CONSTRAINT `fk_comment_append_main` FOREIGN KEY (`main_comment_id`) REFERENCES `goods_comment` (`id`) ON DELETE RESTRICT ON UPDATE RESTRICT,
  CONSTRAINT `fk_comment_append_user` FOREIGN KEY (`user_id`) REFERENCES `user` (`id`) ON DELETE RESTRICT ON UPDATE RESTRICT
) ENGINE = InnoDB AUTO_INCREMENT = 3 CHARACTER SET = utf8mb4 COLLATE = utf8mb4_0900_ai_ci COMMENT = 'иҝҪиҜ„жҳҺз»ҶиЎЁ' ROW_FORMAT = Dynamic;

-- ----------------------------
-- Records of comment_append
-- ----------------------------
INSERT INTO `comment_append` VALUES (1, 2, 2, 'иҝҳеҸҜд»Ҙеҗ§', '', 1, 1, '2026-06-22 14:51:20', 0, 0);
INSERT INTO `comment_append` VALUES (2, 10, 1, 'зЎ®е®һ', '[\"https://gmc-1007.oss-cn-beijing.aliyuncs.com/comment/image/2026/06/22/1896557540fb48b5ac3d8042c5c0e850.jpg\"]', 1, 1, '2026-06-22 15:14:09', 1, 0);

-- ----------------------------
-- Table structure for favorite
-- ----------------------------
DROP TABLE IF EXISTS `favorite`;
CREATE TABLE `favorite`  (
  `id` bigint NOT NULL AUTO_INCREMENT,
  `user_id` bigint NOT NULL,
  `furniture_id` bigint NOT NULL,
  `create_time` datetime NULL DEFAULT CURRENT_TIMESTAMP,
  PRIMARY KEY (`id`) USING BTREE,
  UNIQUE INDEX `uk_user_furniture`(`user_id` ASC, `furniture_id` ASC) USING BTREE,
  INDEX `fk_favorite_furniture`(`furniture_id` ASC) USING BTREE,
  CONSTRAINT `fk_favorite_furniture` FOREIGN KEY (`furniture_id`) REFERENCES `furniture` (`id`) ON DELETE RESTRICT ON UPDATE RESTRICT,
  CONSTRAINT `fk_favorite_user` FOREIGN KEY (`user_id`) REFERENCES `user` (`id`) ON DELETE RESTRICT ON UPDATE RESTRICT
) ENGINE = InnoDB AUTO_INCREMENT = 13 CHARACTER SET = utf8mb4 COLLATE = utf8mb4_0900_ai_ci ROW_FORMAT = DYNAMIC;

-- ----------------------------
-- Records of favorite
-- ----------------------------
INSERT INTO `favorite` VALUES (2, 1, 5, '2026-05-26 14:07:46');
INSERT INTO `favorite` VALUES (4, 1, 2, '2026-06-22 11:39:06');
INSERT INTO `favorite` VALUES (5, 1, 7, '2026-06-22 11:39:08');
INSERT INTO `favorite` VALUES (6, 1, 10, '2026-06-22 11:39:10');
INSERT INTO `favorite` VALUES (7, 1, 3, '2026-06-22 11:39:15');
INSERT INTO `favorite` VALUES (8, 1, 8, '2026-06-22 11:39:20');
INSERT INTO `favorite` VALUES (9, 1, 4, '2026-06-22 11:39:23');
INSERT INTO `favorite` VALUES (10, 1, 9, '2026-06-22 11:39:26');
INSERT INTO `favorite` VALUES (11, 1, 1, '2026-06-22 11:39:32');
INSERT INTO `favorite` VALUES (12, 1, 6, '2026-06-22 11:39:34');

-- ----------------------------
-- Table structure for furniture
-- ----------------------------
DROP TABLE IF EXISTS `furniture`;
CREATE TABLE `furniture`  (
  `id` bigint NOT NULL AUTO_INCREMENT,
  `f_name` varchar(50) CHARACTER SET utf8mb4 COLLATE utf8mb4_0900_ai_ci NULL DEFAULT NULL,
  `f_icon` varchar(255) CHARACTER SET utf8mb4 COLLATE utf8mb4_0900_ai_ci NULL DEFAULT NULL,
  `type_id` bigint NULL DEFAULT NULL,
  `price` decimal(10, 2) NULL DEFAULT NULL,
  `brand` varchar(255) CHARACTER SET utf8mb4 COLLATE utf8mb4_0900_ai_ci NULL DEFAULT NULL,
  `stock` int NULL DEFAULT NULL,
  `intro` varchar(50) CHARACTER SET utf8mb4 COLLATE utf8mb4_0900_ai_ci NULL DEFAULT NULL,
  `images` text CHARACTER SET utf8mb4 COLLATE utf8mb4_0900_ai_ci NULL COMMENT 'еӨҡеј еӣҫзүҮURLпјҢйҖ—еҸ·еҲҶйҡ”',
  `description` text CHARACTER SET utf8mb4 COLLATE utf8mb4_0900_ai_ci NULL COMMENT 'е•Ҷе“ҒиҜҰжғ…жҸҸиҝ°',
  `deleted` tinyint(1) NOT NULL DEFAULT 0 COMMENT 'йҖ»иҫ‘еҲ йҷӨ(0жңӘеҲ /1е·ІеҲ )',
  `create_time` datetime NULL DEFAULT CURRENT_TIMESTAMP COMMENT 'еҲӣе»әж—¶й—ҙ',
  `update_time` datetime NULL DEFAULT CURRENT_TIMESTAMP ON UPDATE CURRENT_TIMESTAMP COMMENT 'жӣҙж–°ж—¶й—ҙ',
  `sale_count` int NOT NULL DEFAULT 0 COMMENT 'зҙҜи®Ўй”ҖйҮҸ',
  `is_recommended` tinyint(1) NOT NULL DEFAULT 0 COMMENT 'зј–иҫ‘жҺЁиҚҗ(0=еҗҰ,1=жҳҜ)',
  PRIMARY KEY (`id`) USING BTREE,
  INDEX `type_id`(`type_id` ASC) USING BTREE,
  CONSTRAINT `furniture_ibfk_1` FOREIGN KEY (`type_id`) REFERENCES `furniture_type` (`id`) ON DELETE RESTRICT ON UPDATE RESTRICT,
  CONSTRAINT `furniture_chk_1` CHECK (`stock` >= 0)
) ENGINE = InnoDB AUTO_INCREMENT = 13 CHARACTER SET = utf8mb4 COLLATE = utf8mb4_0900_ai_ci ROW_FORMAT = DYNAMIC;

-- ----------------------------
-- Records of furniture
-- ----------------------------
INSERT INTO `furniture` VALUES (1, 'е®һжңЁйӨҗжЎҢ', 'https://gmc-1007.oss-cn-beijing.aliyuncs.com/furniture/2026/06/14/f242a16936f445d28a6a377cae588b7c.jpg', 4, 210.00, 'йЎҫе®¶', 30, 'иҝӣеҸЈж©ЎжңЁпјҢзҺҜдҝқжјҶйқўпјҢеҸҜе®№зәі6-8дәә', 'https://gmc-1007.oss-cn-beijing.aliyuncs.com/furniture/2026/05/19/0653a0da39564c5985f30092c375a88a.jpg,https://gmc-1007.oss-cn-beijing.aliyuncs.com/furniture/2026/05/19/a1e71f6e73a44b23a4ecb363a32bf16c.jpg', '', 0, '2026-07-11 17:22:08', '2026-07-13 15:48:15', 2, 0);
INSERT INTO `furniture` VALUES (2, 'зңҹзҡ®жІҷеҸ‘', 'https://gmc-1007.oss-cn-beijing.aliyuncs.com/furniture/2026/05/19/927db786745d4e0cbbfdec0db54a993e.jpg', 1, 500.00, 'йЎҫе®¶', 40, 'еӨҙеұӮзүӣзҡ®пјҢе®һжңЁжЎҶжһ¶пјҢдёүдәәдҪҚ', '', NULL, 0, '2026-07-07 17:22:08', '2026-07-13 15:50:57', 1, 1);
INSERT INTO `furniture` VALUES (3, 'еёӯжўҰжҖқеәҠеһ«', 'https://gmc-1007.oss-cn-beijing.aliyuncs.com/furniture/2026/05/19/bc7ca24b2a414907b4fa663436178e51.jpg', 2, 100.00, 'йЎҫе®¶', 20, 'зӢ¬з«Ӣеј№з°§пјҢд№іиғ¶еЎ«е……пјҢ1.8зұі', '', NULL, 0, '2026-07-11 17:22:08', '2026-07-13 15:42:26', 0, 1);
INSERT INTO `furniture` VALUES (4, 'д№ҰжЎҢ', 'https://gmc-1007.oss-cn-beijing.aliyuncs.com/furniture/2026/05/19/5d2eb2a906734de3a545cb1e919cd538.jpg', 3, 90.00, 'йЎҫе®¶', 60, 'з®ҖзәҰзҺ°д»ЈпјҢеёҰжҠҪеұүпјҢ1.2зұіе®Ҫ', '', NULL, 0, '2026-07-11 17:22:08', '2026-07-11 17:22:08', 0, 0);
INSERT INTO `furniture` VALUES (5, 'иЎЈжҹң', 'https://gmc-1007.oss-cn-beijing.aliyuncs.com/furniture/2026/05/19/926f844c5bb24caa807003ec4e3223eb.jpg', 2, 500.00, 'йЎҫе®¶', 32, 'жҺЁжӢүй—Ёи®ҫи®ЎпјҢеӨ§е®№йҮҸж”¶зәіпјҢзҷҪиүІ', '', NULL, 0, '2026-07-11 17:22:08', '2026-07-11 17:22:08', 0, 0);
INSERT INTO `furniture` VALUES (6, 'йӨҗжӨ…', 'https://gmc-1007.oss-cn-beijing.aliyuncs.com/furniture/2026/05/19/27f9fbb417c84c899f3ac82d94c071c2.jpg', 4, 50.00, 'йЎҫе®¶', 90, 'е®һжңЁжӨ…и…ҝпјҢзҡ®иҙЁеқҗеһ«пјҢеӣӣжҠҠдёҖеҘ—', '', NULL, 0, '2026-07-08 17:22:08', '2026-07-13 15:51:00', 10, 0);
INSERT INTO `furniture` VALUES (7, 'иҢ¶еҮ ', 'https://gmc-1007.oss-cn-beijing.aliyuncs.com/furniture/2026/05/19/5a6c2ef4f5a8478ea822672aa150e4e2.jpg', 1, 600.00, 'йЎҫе®¶', 30, 'й’ўеҢ–зҺ»з’ғеҸ°йқўпјҢдёҚй”Ҳй’ўж”Ҝжһ¶', '', NULL, 0, '2026-07-13 17:22:08', '2026-07-13 15:51:05', 0, 1);
INSERT INTO `furniture` VALUES (8, 'еәҠеӨҙжҹң', 'https://gmc-1007.oss-cn-beijing.aliyuncs.com/furniture/2026/05/19/77a4de0a6a3c45c2b61df59479a384a2.jpg', 2, 200.00, 'йЎҫе®¶', 40, 'еҸҢжҠҪеұүпјҢеёҰUSBе……з”өеҸЈпјҢиғЎжЎғжңЁиүІ', '', NULL, 0, '2026-07-02 17:22:08', '2026-07-13 15:51:09', 0, 0);
INSERT INTO `furniture` VALUES (9, 'д№Ұжһ¶', 'https://gmc-1007.oss-cn-beijing.aliyuncs.com/furniture/2026/05/19/cdaec05fc761442c919e2ea20460eb5c.jpg', 3, 200.00, 'йЎҫе®¶', 15, 'дә”еұӮејҖж”ҫејҸпјҢй’ўжңЁз»“еҗҲпјҢзңҒз©әй—ҙ', '', NULL, 0, '2026-07-01 17:22:08', '2026-07-14 14:54:00', 0, 1);
INSERT INTO `furniture` VALUES (10, 'йһӢжҹң', 'https://gmc-1007.oss-cn-beijing.aliyuncs.com/furniture/2026/05/19/d2e9cad3ed4d4ee8ac56f81fa5891e27.jpg', 1, 150.00, 'йЎҫе®¶', 30, 'еӨ§е®№йҮҸпјҢйҖҸж°”и®ҫи®ЎпјҢеёҰжҚўйһӢеҮі', '', NULL, 0, '2026-07-04 17:22:08', '2026-07-13 15:51:17', 0, 0);

-- ----------------------------
-- Table structure for furniture_type
-- ----------------------------
DROP TABLE IF EXISTS `furniture_type`;
CREATE TABLE `furniture_type`  (
  `id` bigint NOT NULL AUTO_INCREMENT,
  `name` varchar(10) CHARACTER SET utf8mb4 COLLATE utf8mb4_0900_ai_ci NULL DEFAULT NULL,
  `icon` varchar(255) CHARACTER SET utf8mb4 COLLATE utf8mb4_0900_ai_ci NULL DEFAULT NULL,
  `title` varchar(255) CHARACTER SET utf8mb4 COLLATE utf8mb4_0900_ai_ci NULL DEFAULT NULL,
  `create_time` datetime NULL DEFAULT NULL,
  `update_time` datetime NULL DEFAULT NULL,
  `deleted` tinyint(1) NOT NULL DEFAULT 0 COMMENT 'йҖ»иҫ‘еҲ йҷӨ(0жңӘеҲ /1е·ІеҲ )',
  PRIMARY KEY (`id`) USING BTREE,
  UNIQUE INDEX `uk_type_name`(`name` ASC) USING BTREE
) ENGINE = InnoDB AUTO_INCREMENT = 6 CHARACTER SET = utf8mb4 COLLATE = utf8mb4_0900_ai_ci ROW_FORMAT = DYNAMIC;

-- ----------------------------
-- Records of furniture_type
-- ----------------------------
INSERT INTO `furniture_type` VALUES (1, 'й—ЁеҺ…зі»еҲ—', 'https://gmc-1007.oss-cn-beijing.aliyuncs.com/type/2026/05/19/66dc373e631d452491dcdc5504c4522a.png', 'иҲ’йҖӮе®ўеҺ…еҝ…еӨҮпјҒ', '2026-03-23 17:57:50', '2026-03-23 17:57:55', 0);
INSERT INTO `furniture_type` VALUES (2, 'еҚ§е®Өзі»еҲ—', 'https://gmc-1007.oss-cn-beijing.aliyuncs.com/type/2026/05/19/5fafeac81ada40b6b1a6e7bd9b76d42e.png', 'жё©йҰЁзқЎзң з©әй—ҙ', '2026-03-23 17:58:22', '2026-03-23 17:58:25', 0);
INSERT INTO `furniture_type` VALUES (3, 'д№ҰжҲҝзі»еҲ—', 'https://gmc-1007.oss-cn-beijing.aliyuncs.com/type/2026/05/19/e17b6e14b3aa4d4ab93f938cb7166c6d.png', 'й«ҳж•ҲеҠһе…¬еӯҰд№ ', '2026-03-23 17:59:31', '2026-03-23 17:59:34', 0);
INSERT INTO `furniture_type` VALUES (4, 'йӨҗеҺ…зі»еҲ—', 'https://gmc-1007.oss-cn-beijing.aliyuncs.com/type/2026/05/19/38390154da2841d79c83ccc8d7ecee08.png', 'е“ҒиҙЁз”ЁйӨҗдҪ“йӘҢ', '2026-03-23 17:59:49', '2026-03-23 17:59:50', 0);

-- ----------------------------
-- Table structure for goods_comment
-- ----------------------------
DROP TABLE IF EXISTS `goods_comment`;
CREATE TABLE `goods_comment`  (
  `id` bigint NOT NULL AUTO_INCREMENT,
  `order_id` bigint NOT NULL COMMENT 'и®ўеҚ•еҸ·',
  `order_item_id` bigint NULL DEFAULT NULL COMMENT 'и®ўеҚ•йЎ№id',
  `goods_id` bigint NOT NULL COMMENT 'е•Ҷе“Ғid',
  `user_id` bigint NOT NULL COMMENT 'з”ЁжҲ·id',
  `score` int NOT NULL COMMENT 'жҳҹзә§(1-5)',
  `content` varchar(500) CHARACTER SET utf8mb4 COLLATE utf8mb4_0900_ai_ci NULL DEFAULT NULL COMMENT 'иҜ„д»·ж–Үеӯ—',
  `img_url` varchar(1000) CHARACTER SET utf8mb4 COLLATE utf8mb4_0900_ai_ci NULL DEFAULT NULL COMMENT 'иҜ„д»·еӣҫзүҮ(JSONж•°з»„)',
  `video_url` varchar(500) CHARACTER SET utf8mb4 COLLATE utf8mb4_0900_ai_ci NULL DEFAULT NULL COMMENT 'иҜ„д»·и§Ҷйў‘',
  `is_anonym` tinyint NULL DEFAULT 0 COMMENT 'жҳҜеҗҰеҢҝеҗҚ(0еҗҰ1жҳҜ)',
  `status` tinyint NULL DEFAULT 1 COMMENT 'е®Ўж ёзҠ¶жҖҒ(0еҫ…е®Ў1йҖҡиҝҮ2жӢ’з»қ)',
  `has_append` tinyint NULL DEFAULT 0 COMMENT 'жҳҜеҗҰжңүиҝҪиҜ„',
  `latest_append_time` datetime NULL DEFAULT NULL COMMENT 'жңҖж–°иҝҪиҜ„ж—¶й—ҙ',
  `create_time` datetime NULL DEFAULT CURRENT_TIMESTAMP COMMENT 'иҜ„д»·ж—¶й—ҙ',
  `deleted` tinyint(1) NOT NULL DEFAULT 0 COMMENT 'йҖ»иҫ‘еҲ йҷӨ(0жңӘеҲ /1е·ІеҲ )',
  `user_deleted` tinyint(1) NOT NULL DEFAULT 0 COMMENT 'з”ЁжҲ·еҲ йҷӨ(0жңӘеҲ /1е·ІеҲ )',
  PRIMARY KEY (`id`) USING BTREE,
  UNIQUE INDEX `uk_order_user_goods`(`order_id` ASC, `user_id` ASC, `goods_id` ASC) USING BTREE,
  INDEX `idx_goods_id`(`goods_id` ASC) USING BTREE,
  INDEX `idx_user_id`(`user_id` ASC) USING BTREE,
  INDEX `idx_order_id`(`order_id` ASC) USING BTREE,
  INDEX `idx_status`(`status` ASC) USING BTREE,
  INDEX `fk_goods_comment_order_item`(`order_item_id` ASC) USING BTREE,
  CONSTRAINT `fk_goods_comment_furniture` FOREIGN KEY (`goods_id`) REFERENCES `furniture` (`id`) ON DELETE RESTRICT ON UPDATE RESTRICT,
  CONSTRAINT `fk_goods_comment_order` FOREIGN KEY (`order_id`) REFERENCES `order` (`id`) ON DELETE RESTRICT ON UPDATE RESTRICT,
  CONSTRAINT `fk_goods_comment_order_item` FOREIGN KEY (`order_item_id`) REFERENCES `order_item` (`id`) ON DELETE SET NULL ON UPDATE RESTRICT,
  CONSTRAINT `fk_goods_comment_user` FOREIGN KEY (`user_id`) REFERENCES `user` (`id`) ON DELETE RESTRICT ON UPDATE RESTRICT
) ENGINE = InnoDB AUTO_INCREMENT = 12 CHARACTER SET = utf8mb4 COLLATE = utf8mb4_0900_ai_ci COMMENT = 'е•Ҷе“Ғдё»иҜ„д»·иЎЁ' ROW_FORMAT = Dynamic;

-- ----------------------------
-- Records of goods_comment
-- ----------------------------
INSERT INTO `goods_comment` VALUES (1, 2056279154531528705, NULL, 6, 1, 5, 'йқһеёёеҘҪпјҢеҖјеҫ—жҺЁиҚҗпјҒ', NULL, NULL, 0, 1, 0, NULL, '2026-05-18 17:55:34', 0, 0);
INSERT INTO `goods_comment` VALUES (2, 2059155009276502018, NULL, 6, 2, 3, 'дёҖиҲ¬иҲ¬', NULL, NULL, 0, 1, 1, '2026-06-22 14:51:20', '2026-05-26 14:10:53', 0, 0);
INSERT INTO `goods_comment` VALUES (3, 2068906960379793409, NULL, 1, 1, 5, 'еҸҜд»Ҙзҡ„', NULL, NULL, 0, 1, 0, NULL, '2026-06-22 12:01:57', 0, 1);
INSERT INTO `goods_comment` VALUES (4, 2068931536669130754, NULL, 6, 1, 5, 'еҸҜд»Ҙ', NULL, NULL, 0, 1, 0, NULL, '2026-06-22 13:38:39', 0, 0);
INSERT INTO `goods_comment` VALUES (5, 2068932766556504066, NULL, 6, 1, 5, '1', NULL, NULL, 0, 1, 0, NULL, '2026-06-22 13:43:41', 0, 1);
INSERT INTO `goods_comment` VALUES (10, 2068937957070610434, NULL, 6, 1, 5, 'дёҚй”ҷ', '[\"https://gmc-1007.oss-cn-beijing.aliyuncs.com/comment/image/2026/06/22/c5d7b3b599934ce6ba0b862c34939c2b.jpg\"]', '', 0, 1, 1, '2026-06-22 15:14:09', '2026-06-22 14:17:35', 1, 0);
INSERT INTO `goods_comment` VALUES (11, 2068957884301307905, NULL, 6, 2, 5, 'еҸҜд»Ҙ', '', '', 0, 1, 0, NULL, '2026-06-22 15:23:26', 0, 0);

-- ----------------------------
-- Table structure for notification
-- ----------------------------
DROP TABLE IF EXISTS `notification`;
CREATE TABLE `notification`  (
  `id` bigint NOT NULL AUTO_INCREMENT,
  `user_id` bigint NULL DEFAULT NULL COMMENT 'жҺҘж”¶дәәID, NULL=еҸ‘йҖҒз»ҷе…ЁдҪ“з”ЁжҲ·',
  `title` varchar(100) CHARACTER SET utf8mb4 COLLATE utf8mb4_0900_ai_ci NOT NULL COMMENT 'йҖҡзҹҘж Үйўҳ',
  `content` text CHARACTER SET utf8mb4 COLLATE utf8mb4_0900_ai_ci NOT NULL COMMENT 'йҖҡзҹҘеҶ…е®№',
  `type` varchar(20) CHARACTER SET utf8mb4 COLLATE utf8mb4_0900_ai_ci NULL DEFAULT 'system' COMMENT 'зұ»еһӢ: system(зі»з»ҹ)/order(и®ўеҚ•)/promotion(дҝғй”Җ)',
  `create_time` datetime NOT NULL COMMENT 'еҸ‘йҖҒж—¶й—ҙ',
  `deleted` tinyint(1) NOT NULL DEFAULT 0 COMMENT 'йҖ»иҫ‘еҲ йҷӨ(0жңӘеҲ /1е·ІеҲ )',
  `review_id` bigint NULL DEFAULT NULL,
  `goods_id` bigint NULL DEFAULT NULL,
  `review_comment_id` bigint NULL DEFAULT NULL,
  PRIMARY KEY (`id`) USING BTREE,
  INDEX `idx_user`(`user_id` ASC) USING BTREE,
  INDEX `idx_create`(`create_time` DESC) USING BTREE,
  INDEX `fk_notification_review`(`review_id` ASC) USING BTREE,
  INDEX `fk_notification_goods`(`goods_id` ASC) USING BTREE,
  INDEX `fk_notification_review_comment`(`review_comment_id` ASC) USING BTREE,
  CONSTRAINT `fk_notification_goods` FOREIGN KEY (`goods_id`) REFERENCES `furniture` (`id`) ON DELETE SET NULL ON UPDATE RESTRICT,
  CONSTRAINT `fk_notification_review` FOREIGN KEY (`review_id`) REFERENCES `goods_comment` (`id`) ON DELETE SET NULL ON UPDATE RESTRICT,
  CONSTRAINT `fk_notification_review_comment` FOREIGN KEY (`review_comment_id`) REFERENCES `review_comment` (`id`) ON DELETE SET NULL ON UPDATE RESTRICT,
  CONSTRAINT `fk_notification_user` FOREIGN KEY (`user_id`) REFERENCES `user` (`id`) ON DELETE SET NULL ON UPDATE RESTRICT
) ENGINE = InnoDB AUTO_INCREMENT = 20 CHARACTER SET = utf8mb4 COLLATE = utf8mb4_0900_ai_ci COMMENT = 'йҖҡзҹҘиЎЁ' ROW_FORMAT = DYNAMIC;

-- ----------------------------
-- Records of notification
-- ----------------------------
INSERT INTO `notification` VALUES (1, NULL, 'ж¬ўиҝҺе…үдёҙ', 'ж¬ўиҝҺе…үдёҙпјҒпјҒпјҒ', 'system', '2026-05-18 14:33:02', 0, NULL, NULL, NULL);
INSERT INTO `notification` VALUES (10, NULL, '12', '12', 'system', '2026-05-21 00:11:09', 1, NULL, NULL, NULL);
INSERT INTO `notification` VALUES (11, 1, 'дёӘдәәз®ҖеҺҶ', 'жұӮиҒҢз®ҖеҺҶ', 'system', '2026-05-23 18:12:00', 1, NULL, NULL, NULL);
INSERT INTO `notification` VALUES (12, NULL, 'з®ҖеҺҶ', 'з®ҖеҺҶ', 'system', '2026-05-23 18:16:07', 1, NULL, NULL, NULL);
INSERT INTO `notification` VALUES (13, NULL, '12', '12', 'system', '2026-05-26 14:08:10', 1, NULL, NULL, NULL);
INSERT INTO `notification` VALUES (14, 1, 'ж”¶еҲ°ж–°еӣһеӨҚ', 'LOPS еӣһеӨҚдәҶдҪ зҡ„иҜ„и®ә', 'comment_reply', '2026-06-22 17:39:35', 0, NULL, 1, NULL);
INSERT INTO `notification` VALUES (15, 2, 'ж”¶еҲ°ж–°еӣһеӨҚ', 'Glimcy еӣһеӨҚдәҶдҪ зҡ„иҜ„и®ә', 'comment_reply', '2026-07-03 11:21:26', 0, 3, 1, 15);
INSERT INTO `notification` VALUES (16, NULL, 'жөӢиҜ•', 'жөӢиҜ•', 'system', '2026-07-08 10:41:30', 1, NULL, NULL, NULL);
INSERT INTO `notification` VALUES (17, NULL, '1', '1', 'order', '2026-07-08 11:25:08', 1, NULL, NULL, NULL);
INSERT INTO `notification` VALUES (18, 1, 'ж”¶еҲ°ж–°еӣһеӨҚ', 'LOPS еӣһеӨҚдәҶдҪ зҡ„иҜ„и®ә', 'comment_reply', '2026-07-10 17:47:42', 0, NULL, 6, 16);
INSERT INTO `notification` VALUES (19, 2, 'ж”¶еҲ°ж–°еӣһеӨҚ', 'Glimcy еӣһеӨҚдәҶдҪ зҡ„иҜ„и®ә', 'comment_reply', '2026-07-11 10:52:31', 0, 2, 6, 17);

-- ----------------------------
-- Table structure for order
-- ----------------------------
DROP TABLE IF EXISTS `order`;
CREATE TABLE `order`  (
  `id` bigint NOT NULL AUTO_INCREMENT,
  `user_id` bigint NOT NULL,
  `total_price` decimal(10, 2) NULL DEFAULT NULL,
  `status` int NULL DEFAULT NULL,
  `consignee` varchar(50) CHARACTER SET utf8mb4 COLLATE utf8mb4_0900_ai_ci NULL DEFAULT NULL,
  `phone` varchar(15) CHARACTER SET utf8mb4 COLLATE utf8mb4_0900_ai_ci NULL DEFAULT NULL,
  `address` varchar(255) CHARACTER SET utf8mb4 COLLATE utf8mb4_0900_ai_ci NULL DEFAULT NULL,
  `remark` varchar(255) CHARACTER SET utf8mb4 COLLATE utf8mb4_0900_ai_ci NULL DEFAULT NULL,
  `create_time` datetime NULL DEFAULT NULL,
  `pay_time` datetime NULL DEFAULT NULL,
  `ship_time` datetime NULL DEFAULT NULL,
  `receive_time` datetime NULL DEFAULT NULL,
  `update_time` datetime NULL DEFAULT NULL ON UPDATE CURRENT_TIMESTAMP COMMENT 'жңҖеҗҺжӣҙж–°ж—¶й—ҙ',
  `deleted` tinyint(1) NOT NULL DEFAULT 0 COMMENT 'йҖ»иҫ‘еҲ йҷӨ(0жңӘеҲ /1е·ІеҲ )',
  `user_deleted` tinyint(1) NOT NULL DEFAULT 0 COMMENT 'з”ЁжҲ·еҲ йҷӨ(0жңӘеҲ /1е·ІеҲ )',
  PRIMARY KEY (`id`) USING BTREE,
  INDEX `user_id`(`user_id` ASC) USING BTREE,
  INDEX `idx_status`(`status` ASC) USING BTREE,
  CONSTRAINT `order_ibfk_1` FOREIGN KEY (`user_id`) REFERENCES `user` (`id`) ON DELETE RESTRICT ON UPDATE RESTRICT
) ENGINE = InnoDB AUTO_INCREMENT = 2076560543258877954 CHARACTER SET = utf8mb4 COLLATE = utf8mb4_0900_ai_ci ROW_FORMAT = DYNAMIC;

-- ----------------------------
-- Records of order
-- ----------------------------
INSERT INTO `order` VALUES (2037108025407328258, 1, 380.00, 3, 'LOPS', '13483005180', 'жІіеҢ—зңҒйӮҜйғёеёӮж°ёе№ҙеҢәиҘҝиӢҸд№ЎеҢ—иҙҫи‘ӣжқ‘', '', '2026-03-26 18:02:56', '2026-04-13 16:40:27', '2026-04-13 16:43:04', NULL, NULL, 0, 0);
INSERT INTO `order` VALUES (2037125264768618498, 1, 380.00, 3, 'LOPS', '13483005180', 'жІіеҢ—зңҒйӮҜйғёеёӮж°ёе№ҙеҢәиҘҝиӢҸд№ЎеҢ—иҙҫи‘ӣжқ‘', '', '2026-03-26 19:11:26', NULL, '2026-03-30 14:55:40', NULL, NULL, 0, 0);
INSERT INTO `order` VALUES (2037403055074365442, 1, 380.00, 3, 'LOPS', '13483005180', 'жІіеҢ—зңҒйӮҜйғёеёӮж°ёе№ҙеҢәиҘҝиӢҸд№ЎеҢ—иҙҫи‘ӣжқ‘', '', '2026-03-27 13:35:16', NULL, NULL, NULL, NULL, 0, 0);
INSERT INTO `order` VALUES (2037405128662761473, 1, 380.00, 4, 'LOPS', '13483005180', 'жІіеҢ—зңҒйӮҜйғёеёӮж°ёе№ҙеҢәиҘҝиӢҸд№ЎеҢ—иҙҫи‘ӣжқ‘', '', '2026-03-27 13:43:30', NULL, NULL, NULL, NULL, 0, 0);
INSERT INTO `order` VALUES (2050112715682291714, 1, 380.00, 3, 'LOPS', '13483005180', 'жІіеҢ—зңҒйӮҜйғёеёӮж°ёе№ҙеҢәиҘҝиӢҸд№ЎеҢ—иҙҫи‘ӣжқ‘', '', '2026-05-01 15:18:55', '2026-05-01 15:19:07', '2026-05-01 15:19:30', NULL, NULL, 0, 0);
INSERT INTO `order` VALUES (2056279154531528705, 1, 380.00, 5, 'LOPS', '13483005180', 'жІіеҢ—зңҒйӮҜйғёеёӮж°ёе№ҙеҢәиҘҝиӢҸд№ЎеҢ—иҙҫи‘ӣжқ‘', '', '2026-05-18 15:42:09', '2026-05-18 15:42:20', '2026-05-18 16:06:14', NULL, NULL, 0, 0);
INSERT INTO `order` VALUES (2057053960734547970, 1, 3680.00, 4, 'LOPS', '13483005180', 'жІіеҢ—зңҒйӮҜйғёеёӮж°ёе№ҙеҢәиҘҝиӢҸд№ЎеҢ—иҙҫи‘ӣжқ‘', '', '2026-05-20 19:00:57', NULL, NULL, NULL, NULL, 0, 0);
INSERT INTO `order` VALUES (2057678224726740993, 1, 5680.00, 3, 'LOPS', '13483005180', 'жІіеҢ—зңҒйӮҜйғёеёӮж°ёе№ҙеҢәиҘҝиӢҸд№ЎеҢ—иҙҫи‘ӣжқ‘', '', '2026-05-22 12:21:33', '2026-05-22 12:21:47', '2026-05-22 12:22:16', '2026-05-22 12:22:32', NULL, 0, 0);
INSERT INTO `order` VALUES (2059155009276502018, 2, 380.00, 5, 'LOPS', '13483005181', 'жІіеҢ—зңҒйӮҜйғёеёӮ', '', '2026-05-26 14:09:46', '2026-05-26 14:09:51', NULL, NULL, NULL, 0, 0);
INSERT INTO `order` VALUES (2066819535757152258, 1, 2580.00, 3, 'йғӯжҷЁйҳі', '13483005180', 'жІіеҢ—зңҒйӮҜйғёеёӮж°ёе№ҙеҢәиҘҝиӢҸд№ЎеҢ—иҙҫи‘ӣжқ‘', '', '2026-06-16 17:45:52', '2026-06-16 17:45:57', '2026-06-16 18:05:48', '2026-07-10 14:57:31', '2026-07-10 14:57:30', 0, 0);
INSERT INTO `order` VALUES (2066823026185637890, 1, 380.00, 4, 'йғӯеҗҚеҹҺ', '13444444444', 'UK', '', '2026-06-16 17:59:44', NULL, NULL, NULL, NULL, 0, 0);
INSERT INTO `order` VALUES (2066823965957197826, 1, 3280.00, 4, 'йғӯеҗҚеҹҺ', '13444444444', 'UK', '', '2026-06-16 18:03:28', NULL, NULL, NULL, NULL, 0, 0);
INSERT INTO `order` VALUES (2066824117648396289, 1, 3000.00, 4, 'йғӯеҗҚеҹҺ', '13444444444', 'UK', '', '2026-06-16 18:04:04', NULL, NULL, NULL, NULL, 0, 0);
INSERT INTO `order` VALUES (2066824489049821185, 1, 3000.00, 4, 'йғӯеҗҚеҹҺ', '13444444444', 'UK', '', '2026-06-16 18:05:33', NULL, NULL, NULL, '2026-07-10 15:15:14', 0, 1);
INSERT INTO `order` VALUES (2068906960379793409, 1, 2580.00, 5, 'Glimcy', '13483005180', 'UK', '', '2026-06-22 12:00:32', '2026-06-22 12:00:39', '2026-06-22 12:01:12', '2026-06-22 12:01:31', NULL, 0, 0);
INSERT INTO `order` VALUES (2068931536669130754, 1, 380.00, 5, 'йғӯеҗҚеҹҺ', '13444444444', 'UK', '', '2026-06-22 13:38:12', '2026-06-22 13:38:16', '2026-06-22 13:38:26', '2026-06-22 13:38:33', NULL, 0, 0);
INSERT INTO `order` VALUES (2068932766556504066, 1, 380.00, 5, 'йғӯеҗҚеҹҺ', '13444444444', 'UK', '', '2026-06-22 13:43:05', '2026-06-22 13:43:11', '2026-06-22 13:43:22', '2026-06-22 13:43:28', NULL, 0, 0);
INSERT INTO `order` VALUES (2068937957070610434, 1, 380.00, 5, 'йғӯеҗҚеҹҺ', '13444444444', 'UK', '', '2026-06-22 14:03:43', '2026-06-22 14:03:46', '2026-06-22 14:03:51', '2026-06-22 14:04:04', NULL, 0, 0);
INSERT INTO `order` VALUES (2068957884301307905, 2, 380.00, 5, 'LOPS', '13483005181', 'йӮҜйғёеёӮ', '', '2026-06-22 15:22:54', '2026-06-22 15:22:58', '2026-06-22 15:23:08', '2026-06-22 15:23:20', NULL, 0, 0);
INSERT INTO `order` VALUES (2074016455911972865, 1, 380.00, 4, 'йғӯеҗҚеҹҺ', '13444444444', 'UK', '', '2026-07-06 14:23:51', NULL, NULL, NULL, '2026-07-10 15:15:01', 0, 1);
INSERT INTO `order` VALUES (2074021113363607553, 1, 480.00, 4, 'йғӯеҗҚеҹҺ', '13444444444', 'UK', '', '2026-07-06 14:42:22', NULL, NULL, NULL, '2026-07-10 15:14:58', 0, 1);
INSERT INTO `order` VALUES (2074021187003002881, 1, 380.00, 4, 'йғӯеҗҚеҹҺ', '13444444444', 'UK', '', '2026-07-06 14:42:39', NULL, NULL, NULL, '2026-07-10 15:14:56', 0, 1);
INSERT INTO `order` VALUES (2074027699771478017, 1, 510.00, 4, 'йғӯеҗҚеҹҺ', '13444444444', 'UK', '', '2026-07-06 15:08:32', NULL, NULL, NULL, '2026-07-10 15:14:53', 0, 1);
INSERT INTO `order` VALUES (2076560543258877953, 1, 200.00, 4, 'йғӯеҗҚеҹҺ', '13444444444', 'UK', '', '2026-07-13 14:53:09', NULL, NULL, NULL, '2026-07-14 14:54:00', 0, 0);

-- ----------------------------
-- Table structure for order_item
-- ----------------------------
DROP TABLE IF EXISTS `order_item`;
CREATE TABLE `order_item`  (
  `id` bigint NOT NULL AUTO_INCREMENT,
  `order_id` bigint NOT NULL,
  `furniture_id` bigint NOT NULL,
  `sku_id` bigint NULL DEFAULT NULL COMMENT 'SKU ID',
  `furniture_icon` varchar(255) CHARACTER SET utf8mb4 COLLATE utf8mb4_0900_ai_ci NULL DEFAULT NULL,
  `furniture_name` varchar(255) CHARACTER SET utf8mb4 COLLATE utf8mb4_0900_ai_ci NULL DEFAULT NULL,
  `price` decimal(10, 2) NULL DEFAULT NULL,
  `quantity` int NULL DEFAULT NULL,
  `sku_spec` varchar(500) CHARACTER SET utf8mb4 COLLATE utf8mb4_0900_ai_ci NULL DEFAULT NULL COMMENT 'и§„ж јеҝ«з…§пјҢеҰӮпјҡйўңиүІ:зұізҷҪ,е°әеҜё:дёүдәәдҪҚ',
  `item_total_price` decimal(10, 2) NULL DEFAULT NULL,
  `deleted` tinyint(1) NOT NULL DEFAULT 0 COMMENT 'йҖ»иҫ‘еҲ йҷӨ(0жңӘеҲ /1е·ІеҲ )',
  `create_time` datetime NULL DEFAULT CURRENT_TIMESTAMP COMMENT 'еҲӣе»әж—¶й—ҙ',
  `update_time` datetime NULL DEFAULT CURRENT_TIMESTAMP ON UPDATE CURRENT_TIMESTAMP COMMENT 'жӣҙж–°ж—¶й—ҙ',
  PRIMARY KEY (`id`) USING BTREE,
  INDEX `order_id`(`order_id` ASC) USING BTREE,
  INDEX `furniture_id`(`furniture_id` ASC) USING BTREE,
  INDEX `fk_order_item_sku`(`sku_id` ASC) USING BTREE,
  CONSTRAINT `fk_order_item_sku` FOREIGN KEY (`sku_id`) REFERENCES `sku` (`id`) ON DELETE SET NULL ON UPDATE RESTRICT,
  CONSTRAINT `order_item_ibfk_1` FOREIGN KEY (`order_id`) REFERENCES `order` (`id`) ON DELETE RESTRICT ON UPDATE RESTRICT,
  CONSTRAINT `order_item_ibfk_2` FOREIGN KEY (`furniture_id`) REFERENCES `furniture` (`id`) ON DELETE RESTRICT ON UPDATE RESTRICT
) ENGINE = InnoDB AUTO_INCREMENT = 2076560543313403906 CHARACTER SET = utf8mb4 COLLATE = utf8mb4_0900_ai_ci ROW_FORMAT = DYNAMIC;

-- ----------------------------
-- Records of order_item
-- ----------------------------
INSERT INTO `order_item` VALUES (2037108025512185858, 2037108025407328258, 6, NULL, 'https://gmc-1007.oss-cn-beijing.aliyuncs.com/furniture/2026/05/18/b9f9555f66654f3186a941958d18b862.jpg', 'йӨҗжӨ…', 380.00, 1, NULL, 380.00, 0, '2026-07-11 17:22:09', '2026-07-11 17:22:09');
INSERT INTO `order_item` VALUES (2037125264768618499, 2037125264768618498, 6, NULL, 'https://gmc-1007.oss-cn-beijing.aliyuncs.com/furniture/2026/05/18/b9f9555f66654f3186a941958d18b862.jpg', 'йӨҗжӨ…', 380.00, 1, NULL, 380.00, 0, '2026-07-11 17:22:09', '2026-07-11 17:22:09');
INSERT INTO `order_item` VALUES (2037403055074365443, 2037403055074365442, 6, NULL, 'https://gmc-1007.oss-cn-beijing.aliyuncs.com/furniture/2026/05/18/b9f9555f66654f3186a941958d18b862.jpg', 'йӨҗжӨ…', 380.00, 1, NULL, 380.00, 0, '2026-07-11 17:22:09', '2026-07-11 17:22:09');
INSERT INTO `order_item` VALUES (2037405128662761474, 2037405128662761473, 6, NULL, 'https://gmc-1007.oss-cn-beijing.aliyuncs.com/furniture/2026/05/18/b9f9555f66654f3186a941958d18b862.jpg', 'йӨҗжӨ…', 380.00, 1, NULL, 380.00, 0, '2026-07-11 17:22:09', '2026-07-11 17:22:09');
INSERT INTO `order_item` VALUES (2050112715787149314, 2050112715682291714, 6, NULL, 'https://gmc-1007.oss-cn-beijing.aliyuncs.com/furniture/2026/05/18/b9f9555f66654f3186a941958d18b862.jpg', 'йӨҗжӨ…', 380.00, 1, NULL, 380.00, 0, '2026-07-11 17:22:09', '2026-07-11 17:22:09');
INSERT INTO `order_item` VALUES (2056279154531528706, 2056279154531528705, 6, NULL, 'https://gmc-1007.oss-cn-beijing.aliyuncs.com/furniture/2026/05/18/b9f9555f66654f3186a941958d18b862.jpg', 'йӨҗжӨ…', 380.00, 1, NULL, 380.00, 0, '2026-07-11 17:22:09', '2026-07-11 17:22:09');
INSERT INTO `order_item` VALUES (2057053960734547971, 2057053960734547970, 5, NULL, 'https://gmc-1007.oss-cn-beijing.aliyuncs.com/furniture/2026/05/19/926f844c5bb24caa807003ec4e3223eb.jpg', 'иЎЈжҹң', 3680.00, 1, NULL, 3680.00, 0, '2026-07-11 17:22:09', '2026-07-11 17:22:09');
INSERT INTO `order_item` VALUES (2057678224726740994, 2057678224726740993, 2, NULL, 'https://gmc-1007.oss-cn-beijing.aliyuncs.com/furniture/2026/05/19/927db786745d4e0cbbfdec0db54a993e.jpg', 'зңҹзҡ®жІҷеҸ‘', 5680.00, 1, NULL, 5680.00, 0, '2026-07-11 17:22:09', '2026-07-11 17:22:09');
INSERT INTO `order_item` VALUES (2059155009276502019, 2059155009276502018, 6, NULL, 'https://gmc-1007.oss-cn-beijing.aliyuncs.com/furniture/2026/05/19/27f9fbb417c84c899f3ac82d94c071c2.jpg', 'йӨҗжӨ…', 380.00, 1, NULL, 380.00, 0, '2026-07-11 17:22:09', '2026-07-11 17:22:09');
INSERT INTO `order_item` VALUES (2066819535937507330, 2066819535757152258, 1, NULL, 'https://gmc-1007.oss-cn-beijing.aliyuncs.com/furniture/2026/06/14/f242a16936f445d28a6a377cae588b7c.jpg', 'е®һжңЁйӨҗжЎҢ', 2580.00, 1, 'йўңиүІ:й»‘иүІ', 2580.00, 0, '2026-07-11 17:22:09', '2026-07-11 17:22:09');
INSERT INTO `order_item` VALUES (2066823026185637891, 2066823026185637890, 6, NULL, 'https://gmc-1007.oss-cn-beijing.aliyuncs.com/furniture/2026/05/19/27f9fbb417c84c899f3ac82d94c071c2.jpg', 'йӨҗжӨ…', 380.00, 1, NULL, 380.00, 0, '2026-07-11 17:22:09', '2026-07-11 17:22:09');
INSERT INTO `order_item` VALUES (2066823965957197827, 2066823965957197826, 3, NULL, 'https://gmc-1007.oss-cn-beijing.aliyuncs.com/furniture/2026/05/19/bc7ca24b2a414907b4fa663436178e51.jpg', 'еёӯжўҰжҖқеәҠеһ«', 3280.00, 1, NULL, 3280.00, 0, '2026-07-11 17:22:09', '2026-07-11 17:22:09');
INSERT INTO `order_item` VALUES (2066824117711310849, 2066824117648396289, 1, NULL, 'https://gmc-1007.oss-cn-beijing.aliyuncs.com/furniture/2026/06/14/f242a16936f445d28a6a377cae588b7c.jpg', 'е®һжңЁйӨҗжЎҢ', 3000.00, 1, 'йўңиүІ:зҷҪиүІ', 3000.00, 0, '2026-07-11 17:22:09', '2026-07-11 17:22:09');
INSERT INTO `order_item` VALUES (2066824489049821186, 2066824489049821185, 1, NULL, 'https://gmc-1007.oss-cn-beijing.aliyuncs.com/furniture/2026/06/14/f242a16936f445d28a6a377cae588b7c.jpg', 'е®һжңЁйӨҗжЎҢ', 3000.00, 1, 'йўңиүІ:зҷҪиүІ', 3000.00, 0, '2026-07-11 17:22:09', '2026-07-11 17:22:09');
INSERT INTO `order_item` VALUES (2068906960392376322, 2068906960379793409, 1, NULL, 'https://gmc-1007.oss-cn-beijing.aliyuncs.com/furniture/2026/06/14/f242a16936f445d28a6a377cae588b7c.jpg', 'е®һжңЁйӨҗжЎҢ', 2580.00, 1, 'йўңиүІ:й»‘иүІ', 2580.00, 0, '2026-07-11 17:22:09', '2026-07-11 17:22:09');
INSERT INTO `order_item` VALUES (2068931536669130755, 2068931536669130754, 6, NULL, 'https://gmc-1007.oss-cn-beijing.aliyuncs.com/furniture/2026/05/19/27f9fbb417c84c899f3ac82d94c071c2.jpg', 'йӨҗжӨ…', 380.00, 1, NULL, 380.00, 0, '2026-07-11 17:22:09', '2026-07-11 17:22:09');
INSERT INTO `order_item` VALUES (2068932766556504067, 2068932766556504066, 6, NULL, 'https://gmc-1007.oss-cn-beijing.aliyuncs.com/furniture/2026/05/19/27f9fbb417c84c899f3ac82d94c071c2.jpg', 'йӨҗжӨ…', 380.00, 1, NULL, 380.00, 0, '2026-07-11 17:22:09', '2026-07-11 17:22:09');
INSERT INTO `order_item` VALUES (2068937957070610435, 2068937957070610434, 6, NULL, 'https://gmc-1007.oss-cn-beijing.aliyuncs.com/furniture/2026/05/19/27f9fbb417c84c899f3ac82d94c071c2.jpg', 'йӨҗжӨ…', 380.00, 1, NULL, 380.00, 0, '2026-07-11 17:22:09', '2026-07-11 17:22:09');
INSERT INTO `order_item` VALUES (2068957884301307906, 2068957884301307905, 6, NULL, 'https://gmc-1007.oss-cn-beijing.aliyuncs.com/furniture/2026/05/19/27f9fbb417c84c899f3ac82d94c071c2.jpg', 'йӨҗжӨ…', 380.00, 1, NULL, 380.00, 0, '2026-07-11 17:22:09', '2026-07-11 17:22:09');
INSERT INTO `order_item` VALUES (2074016456083939330, 2074016455911972865, 6, NULL, 'https://gmc-1007.oss-cn-beijing.aliyuncs.com/furniture/2026/05/19/27f9fbb417c84c899f3ac82d94c071c2.jpg', 'йӨҗжӨ…', 380.00, 1, NULL, 380.00, 0, '2026-07-11 17:22:09', '2026-07-11 17:22:09');
INSERT INTO `order_item` VALUES (2074021113363607554, 2074021113363607553, 8, NULL, 'https://gmc-1007.oss-cn-beijing.aliyuncs.com/furniture/2026/05/19/77a4de0a6a3c45c2b61df59479a384a2.jpg', 'еәҠеӨҙжҹң', 480.00, 1, NULL, 480.00, 0, '2026-07-11 17:22:09', '2026-07-11 17:22:09');
INSERT INTO `order_item` VALUES (2074021187003002882, 2074021187003002881, 6, NULL, 'https://gmc-1007.oss-cn-beijing.aliyuncs.com/furniture/2026/05/19/27f9fbb417c84c899f3ac82d94c071c2.jpg', 'йӨҗжӨ…', 380.00, 1, NULL, 380.00, 0, '2026-07-11 17:22:09', '2026-07-11 17:22:09');
INSERT INTO `order_item` VALUES (2074027699771478018, 2074027699771478017, 1, 31, 'https://gmc-1007.oss-cn-beijing.aliyuncs.com/furniture/2026/06/14/f242a16936f445d28a6a377cae588b7c.jpg', 'е®һжңЁйӨҗжЎҢ', 210.00, 1, 'еӨ§е°Ҹ:0.8Г—0.8,йўңиүІ:й»‘иүІ', 210.00, 0, '2026-07-11 17:22:09', '2026-07-11 17:22:09');
INSERT INTO `order_item` VALUES (2074027699771478019, 2074027699771478017, 1, 29, 'https://gmc-1007.oss-cn-beijing.aliyuncs.com/furniture/2026/06/14/f242a16936f445d28a6a377cae588b7c.jpg', 'е®һжңЁйӨҗжЎҢ', 300.00, 1, 'еӨ§е°Ҹ:1.5Г—1.5,йўңиүІ:й»‘иүІ', 300.00, 0, '2026-07-11 17:22:09', '2026-07-11 17:22:09');
INSERT INTO `order_item` VALUES (2076560543313403905, 2076560543258877953, 9, 127, 'https://gmc-1007.oss-cn-beijing.aliyuncs.com/furniture/2026/05/19/cdaec05fc761442c919e2ea20460eb5c.jpg', 'д№Ұжһ¶', 200.00, 1, 'йўңиүІ:й»‘иүІ', 200.00, 0, '2026-07-13 14:53:08', '2026-07-13 14:53:08');

-- ----------------------------
-- Table structure for review_comment
-- ----------------------------
DROP TABLE IF EXISTS `review_comment`;
CREATE TABLE `review_comment`  (
  `id` bigint NOT NULL AUTO_INCREMENT,
  `review_id` bigint NOT NULL COMMENT 'дё»иҜ„д»·id(goods_comment.id)',
  `user_id` bigint NOT NULL COMMENT 'иҜ„и®әз”ЁжҲ·id',
  `content` varchar(500) CHARACTER SET utf8mb4 COLLATE utf8mb4_0900_ai_ci NOT NULL COMMENT 'иҜ„и®әеҶ…е®№',
  `reply_to_user_id` bigint NULL DEFAULT NULL COMMENT 'еӣһеӨҚзҡ„зӣ®ж Үз”ЁжҲ·id(дёәз©әеҲҷдёәжҷ®йҖҡиҜ„и®ә)',
  `reply_to_comment_id` bigint NULL DEFAULT NULL COMMENT 'еӣһеӨҚзҡ„иҜ„и®әid(дёәз©әеҲҷдёәдёҖзә§иҜ„и®ә)',
  `status` tinyint NULL DEFAULT 1 COMMENT 'зҠ¶жҖҒ(0еҲ йҷӨ1жӯЈеёё)',
  `create_time` datetime NULL DEFAULT CURRENT_TIMESTAMP COMMENT 'иҜ„и®әж—¶й—ҙ',
  `deleted` tinyint(1) NOT NULL DEFAULT 0 COMMENT 'йҖ»иҫ‘еҲ йҷӨ(0жңӘеҲ /1е·ІеҲ )',
  `user_deleted` tinyint(1) NOT NULL DEFAULT 0 COMMENT 'з”ЁжҲ·еҲ йҷӨ(0жңӘеҲ /1е·ІеҲ )',
  PRIMARY KEY (`id`) USING BTREE,
  INDEX `idx_review_id`(`review_id` ASC) USING BTREE,
  INDEX `idx_user_id`(`user_id` ASC) USING BTREE,
  INDEX `fk_review_comment_reply_user`(`reply_to_user_id` ASC) USING BTREE,
  INDEX `fk_review_comment_parent`(`reply_to_comment_id` ASC) USING BTREE,
  CONSTRAINT `fk_review_comment_main` FOREIGN KEY (`review_id`) REFERENCES `goods_comment` (`id`) ON DELETE RESTRICT ON UPDATE RESTRICT,
  CONSTRAINT `fk_review_comment_parent` FOREIGN KEY (`reply_to_comment_id`) REFERENCES `review_comment` (`id`) ON DELETE SET NULL ON UPDATE RESTRICT,
  CONSTRAINT `fk_review_comment_reply_user` FOREIGN KEY (`reply_to_user_id`) REFERENCES `user` (`id`) ON DELETE SET NULL ON UPDATE RESTRICT,
  CONSTRAINT `fk_review_comment_user` FOREIGN KEY (`user_id`) REFERENCES `user` (`id`) ON DELETE RESTRICT ON UPDATE RESTRICT
) ENGINE = InnoDB AUTO_INCREMENT = 18 CHARACTER SET = utf8mb4 COLLATE = utf8mb4_0900_ai_ci COMMENT = 'иҜ„д»·иҜ„и®әиЎЁ' ROW_FORMAT = Dynamic;

-- ----------------------------
-- Records of review_comment
-- ----------------------------
INSERT INTO `review_comment` VALUES (1, 2, 2, 'иЎҢеҗ§', 2, 1, 1, '2026-06-22 14:49:58', 0, 0);
INSERT INTO `review_comment` VALUES (2, 2, 2, 'жғі', 2, 1, 1, '2026-06-22 14:50:09', 0, 0);
INSERT INTO `review_comment` VALUES (4, 11, 1, 'еҘҪзҡ„', NULL, NULL, 1, '2026-06-22 15:57:08', 0, 1);
INSERT INTO `review_comment` VALUES (9, 3, 2, 'дҪ еҘҪ', 1, NULL, 1, '2026-06-22 17:13:23', 0, 1);
INSERT INTO `review_comment` VALUES (11, 3, 1, 'дҪ еҘҪе•Ҡ', 2, 9, 1, '2026-06-22 17:14:30', 0, 1);
INSERT INTO `review_comment` VALUES (14, 3, 2, 'еҘҪе•Ҡ', 1, 9, 1, '2026-06-22 17:39:27', 0, 1);
INSERT INTO `review_comment` VALUES (15, 3, 1, 'еҝ…йЎ»еҘҪ', 2, 9, 1, '2026-07-03 11:21:13', 0, 1);
INSERT INTO `review_comment` VALUES (16, 11, 2, 'е—Ҝе—Ҝ', 1, 4, 1, '2026-07-10 17:47:11', 0, 0);
INSERT INTO `review_comment` VALUES (17, 2, 1, 'OK', 2, NULL, 1, '2026-07-11 10:44:55', 0, 0);

-- ----------------------------
-- Table structure for site_content
-- ----------------------------
DROP TABLE IF EXISTS `site_content`;
CREATE TABLE `site_content`  (
  `id` bigint NOT NULL AUTO_INCREMENT,
  `section_key` varchar(50) CHARACTER SET utf8mb4 COLLATE utf8mb4_0900_ai_ci NOT NULL COMMENT 'зЁӢеәҸж ҮиҜҶпјҢе”ҜдёҖ',
  `section_group` varchar(30) CHARACTER SET utf8mb4 COLLATE utf8mb4_0900_ai_ci NOT NULL COMMENT 'еҲҶз»„пјҡcarousel|story|contact|service',
  `content_title` varchar(200) CHARACTER SET utf8mb4 COLLATE utf8mb4_0900_ai_ci NULL DEFAULT NULL COMMENT 'ж Үйўҳ',
  `content_text` text CHARACTER SET utf8mb4 COLLATE utf8mb4_0900_ai_ci NULL COMMENT 'жҸҸиҝ°/еүҜж–ҮжЎҲ',
  `image_url` varchar(500) CHARACTER SET utf8mb4 COLLATE utf8mb4_0900_ai_ci NULL DEFAULT NULL COMMENT 'еӣҫзүҮURL',
  `link_url` varchar(500) CHARACTER SET utf8mb4 COLLATE utf8mb4_0900_ai_ci NULL DEFAULT NULL COMMENT 'и·іиҪ¬й“ҫжҺҘ',
  `extra_data` json NULL COMMENT 'е…ңеә•еӯ—ж®өпјҲicon/phone/emailзӯүпјү',
  `sort_order` int NOT NULL DEFAULT 0 COMMENT 'жҺ’еәҸ',
  `is_active` tinyint(1) NOT NULL DEFAULT 1 COMMENT 'еҗҜз”Ё',
  `updated_at` datetime NULL DEFAULT CURRENT_TIMESTAMP ON UPDATE CURRENT_TIMESTAMP,
  `deleted` tinyint(1) NOT NULL DEFAULT 0 COMMENT 'йҖ»иҫ‘еҲ йҷӨ(0жңӘеҲ /1е·ІеҲ )',
  PRIMARY KEY (`id`) USING BTREE,
  UNIQUE INDEX `uk_section_key`(`section_key` ASC) USING BTREE
) ENGINE = InnoDB AUTO_INCREMENT = 26 CHARACTER SET = utf8mb4 COLLATE = utf8mb4_0900_ai_ci COMMENT = 'з«ҷзӮ№еҶ…е®№з®ЎзҗҶиЎЁ' ROW_FORMAT = Dynamic;

-- ----------------------------
-- Records of site_content
-- ----------------------------
INSERT INTO `site_content` VALUES (1, 'hero_1', 'carousel', 'з®ҖзәҰд№ӢзҫҺ', 'жҺўзҙўеҢ—ж¬§жһҒз®Җи®ҫи®ЎпјҢи®©жҜҸдёҖд»¶е®¶е…·йғҪжҲҗдёәз©әй—ҙзҡ„иүәжңҜе“Ғ', 'https://gmc-1007.oss-cn-beijing.aliyuncs.com/site/2026/07/13/9f87dae20baa4371909b08355f46fff5.jpg', '/type/0', '{\"bg\": \"#e8e0d5\", \"cta\": \"з«ӢеҚіжҺўзҙў\", \"tag\": \"2026 ж–°е“ҒдёҠеёӮ\"}', 1, 1, '2026-07-13 16:17:55', 0);
INSERT INTO `site_content` VALUES (2, 'hero_2', 'carousel', 'иҮӘз„¶иҙЁж„ҹ', 'зІҫйҖүе®һжңЁе®¶е…·пјҢд»ҘиҮӘз„¶зә№зҗҶиҜүиҜҙз”ҹжҙ»зҡ„жё©еәҰдёҺиҙЁж„ҹ', NULL, '/type/0', '{\"bg\": \"#dce5dd\", \"cta\": \"жҹҘзңӢдјҳжғ \", \"tag\": \"йҷҗж—¶зү№жғ \"}', 2, 0, '2026-07-13 16:17:33', 0);
INSERT INTO `site_content` VALUES (3, 'hero_3', 'carousel', 'з»Ҹе…ёдј жүҝ', 'иһҚеҗҲдј з»ҹе·ҘиүәдёҺзҺ°д»ЈзҫҺеӯҰпјҢжү“йҖ з»Ҹеҫ—иө·ж—¶й—ҙиҖғйӘҢзҡ„дҪңе“Ғ', 'https://gmc-1007.oss-cn-beijing.aliyuncs.com/site/2026/07/13/5b41ac3369ed4f109888ee879519be97.jpg', '/about', '{\"bg\": \"#e4dcd4\", \"cta\": \"дәҶи§ЈжӣҙеӨҡ\", \"tag\": \"еҢ еҝғд№ӢдҪң\"}', 3, 1, '2026-07-13 16:18:04', 0);
INSERT INTO `site_content` VALUES (4, 'brand_intro', 'story', 'з”Ёеҝғжү“йҖ жҜҸдёҖд»¶е®¶е…·', 'еҗҚеҹҺе®¶е…·еҹҺ еҲӣз«ӢдәҺ 2026 е№ҙпјҢдё“жіЁдәҺе°ҶиҮӘз„¶жқҗиҙЁдёҺзҺ°д»Ји®ҫи®Ўе®ҢзҫҺиһҚеҗҲгҖӮ\nжҲ‘д»¬зӣёдҝЎпјҢеҘҪзҡ„е®¶е…·дёҚд»…жҳҜеҠҹиғҪжҖ§зҡ„еӯҳеңЁпјҢжӣҙжҳҜжүҝиҪҪз”ҹжҙ»и®°еҝҶдёҺжғ…ж„ҹзҡ„з©әй—ҙдјҙдҫЈгҖӮ\nжҜҸдёҖд»¶дҪңе“ҒиғҢеҗҺпјҢйғҪеҮқиҒҡзқҖеҢ дәәеҜ№з»ҶиҠӮзҡ„жү§зқҖдёҺеҜ№зҫҺзҡ„иҝҪжұӮгҖӮ\n\nд»ҺжңҖеҲқзҡ„дёүдәәи®ҫи®Ўе·ҘдҪңе®ӨпјҢеҲ°еҰӮд»ҠжңҚеҠЎи¶…иҝҮ 50,000 дёӘе®¶еәӯпјҢжҲ‘д»¬е§Ӣз»Ҳеқҡе®ҲеҲқеҝғвҖ”вҖ”е°ҶиҮӘз„¶жқҗиҙЁдёҺзҺ°д»Ји®ҫи®Ўе®ҢзҫҺиһҚеҗҲпјҢдёәжҜҸдёҖдёӘе®¶жү“йҖ еҸҜд»Ҙдј жүҝзҡ„з»Ҹе…ёд№ӢдҪңгҖӮ', 'https://gmc-1007.oss-cn-beijing.aliyuncs.com/site/2026/07/13/9ca4b865e476449787ddae6956145221.jpg', '/about', '{\"linkText\": \"дәҶи§ЈжӣҙеӨҡе…ідәҺжҲ‘д»¬зҡ„ж•…дәӢ\"}', 1, 1, '2026-07-13 16:45:51', 0);
INSERT INTO `site_content` VALUES (5, 'brand_image', 'story', NULL, NULL, 'https://gmc-1007.oss-cn-beijing.aliyuncs.com/site/2026/07/13/dc7725262bb7466fad64522748713a47.webp', NULL, '{\"border\": \"1px solid rgba(255,255,255,0.1)\", \"bgColor\": \"rgba(255,255,255,0.06)\"}', 2, 1, '2026-07-13 16:44:55', 0);
INSERT INTO `site_content` VALUES (6, 'value_1', 'story', 'еӨ©з„¶йҖүжқҗ', 'зІҫйҖүеҢ—зҫҺй»‘иғЎжЎғжңЁгҖҒж¬§жҙІзҷҪж©ЎжңЁзӯүдјҳиҙЁеҺҹжқҗпјҢжҜҸдёҖеқ—жңЁж–ҷйғҪз»ҸиҝҮдёҘж јзӯӣйҖүдёҺиҮӘз„¶е№ІзҮҘеӨ„зҗҶгҖӮ', NULL, NULL, '{\"icon\": \"рҹҢі\"}', 10, 1, '2026-07-13 16:15:56', 0);
INSERT INTO `site_content` VALUES (7, 'value_2', 'story', 'еҢ еҝғе·Ҙиүә', 'дј жүҝдј з»ҹжҰ«еҚҜз»“жһ„пјҢз»“еҗҲзҺ°д»ЈзІҫеҜҶеҠ е·ҘжҠҖжңҜпјҢжҜҸдёҖеӨ„жҺҘеҗҲйғҪиҝҪжұӮжҜ«еҺҳд№Ӣй—ҙзҡ„зІҫзЎ®гҖӮ', NULL, NULL, '{\"icon\": \"рҹ”Ё\"}', 11, 1, '2026-07-13 16:15:56', 0);
INSERT INTO `site_content` VALUES (8, 'value_3', 'story', 'з®ҖзәҰи®ҫи®Ў', 'д»Ҙ\"е°‘еҚіжҳҜеӨҡ\"дёәи®ҫи®Ўе“ІеӯҰпјҢеҺ»йҷӨз№ҒеӨҚиЈ…йҘ°пјҢи®©е®¶е…·еӣһеҪ’жң¬иҙЁвҖ”вҖ”е®һз”ЁгҖҒиҖҗз”ЁгҖҒзҫҺи§ӮгҖӮ', NULL, NULL, '{\"icon\": \"рҹҺЁ\"}', 12, 1, '2026-07-13 16:15:56', 0);
INSERT INTO `site_content` VALUES (9, 'value_4', 'story', 'з»ҝиүІзҺҜдҝқ', 'еқҡжҢҒдҪҝз”ЁзҺҜдҝқж¶Ӯж–ҷдёҺеҸҜжҢҒз»ӯжқҗж–ҷпјҢжү“йҖ еҜ№е®¶дәәе®үе…ЁгҖҒеҜ№зҺҜеўғеҸӢеҘҪзҡ„е®¶еұ…дә§е“ҒгҖӮ', NULL, NULL, '{\"icon\": \"рҹҢҚ\"}', 13, 1, '2026-07-13 16:15:56', 0);
INSERT INTO `site_content` VALUES (10, 'contact_info', 'contact', NULL, NULL, NULL, NULL, '{\"email\": \"3102777566@qq.com\", \"phone\": \"13486225146\", \"address\": \"жІіеҢ—зңҒзҹіе®¶еә„еёӮ\", \"emailNote\": \"24е°Ҹж—¶еҶ…еӣһеӨҚ\", \"phoneNote\": \"е‘ЁдёҖиҮіе‘Ёж—Ҙ 9:00 - 21:00\"}', 1, 1, '2026-07-14 14:17:31', 0);
INSERT INTO `site_content` VALUES (11, 'service_1', 'service', 'е…Қиҙ№й…ҚйҖҒ', 'е…ЁеӣҪеҢ…йӮ®пјҢйҖҒиҙ§дёҠй—Ё', NULL, NULL, '{\"icon\": \"рҹҡҡ\"}', 1, 1, '2026-07-13 16:15:56', 0);
INSERT INTO `site_content` VALUES (12, 'service_2', 'service', '7еӨ©ж— зҗҶз”ұ', 'дёҚж»Ўж„ҸйҡҸж—¶йҖҖжҚў', NULL, NULL, '{\"icon\": \"рҹ”„\"}', 2, 1, '2026-07-13 16:15:56', 0);
INSERT INTO `site_content` VALUES (13, 'service_3', 'service', 'иҙЁдҝқ3е№ҙ', 'е“ҒиҙЁдҝқйҡңпјҢе”®еҗҺж— еҝ§', NULL, NULL, '{\"icon\": \"рҹӣЎпёҸ\"}', 3, 1, '2026-07-13 16:15:56', 0);
INSERT INTO `site_content` VALUES (14, 'service_4', 'service', 'е®ҡеҲ¶жңҚеҠЎ', 'дёӘжҖ§еҢ–е®¶е…·е®ҡеҲ¶ж–№жЎҲ', NULL, NULL, '{\"icon\": \"рҹҺЁ\"}', 4, 1, '2026-07-13 16:15:56', 0);
INSERT INTO `site_content` VALUES (15, 'home_categories', 'label', 'е®¶е…·еҲҶзұ»', 'йҖүжӢ©дҪ ж„ҹе…ҙи¶Јзҡ„е“Ғзұ»', NULL, NULL, NULL, 1, 1, '2026-07-13 16:28:04', 0);
INSERT INTO `site_content` VALUES (16, 'home_products', 'label', 'зІҫйҖүеҘҪзү©', 'з”ЁеҝғжҢ‘йҖүжҜҸдёҖд»¶е®¶е…·', NULL, NULL, NULL, 2, 1, '2026-07-13 16:28:04', 0);
INSERT INTO `site_content` VALUES (23, 'system_name', 'brand', 'еҗҚеҹҺе®¶е…·еҹҺ', NULL, NULL, NULL, '{}', 1, 1, '2026-07-13 16:45:26', 0);
INSERT INTO `site_content` VALUES (24, 'system_tagline', 'brand', 'еҗҚеҹҺе®¶е…·', NULL, NULL, NULL, '{}', 2, 1, '2026-07-13 16:45:26', 0);
INSERT INTO `site_content` VALUES (25, 'system_logo', 'brand', NULL, NULL, 'https://gmc-1007.oss-cn-beijing.aliyuncs.com/site/2026/07/13/56d8c898e54045319c3092cfc3a12015.jpg', NULL, '{}', 3, 1, '2026-07-13 16:44:08', 0);

-- ----------------------------
-- Table structure for sku
-- ----------------------------
DROP TABLE IF EXISTS `sku`;
CREATE TABLE `sku`  (
  `id` bigint NOT NULL AUTO_INCREMENT,
  `furniture_id` bigint NOT NULL COMMENT 'е…іиҒ”е•Ҷе“ҒID',
  `sku_code` varchar(100) CHARACTER SET utf8mb4 COLLATE utf8mb4_0900_ai_ci NULL DEFAULT NULL COMMENT 'SKUзј–з Ғ',
  `price` decimal(10, 2) NOT NULL COMMENT 'SKUд»·ж ј',
  `stock` int NOT NULL DEFAULT 0 COMMENT 'SKUеә“еӯҳ',
  `sku_image` varchar(500) CHARACTER SET utf8mb4 COLLATE utf8mb4_0900_ai_ci NULL DEFAULT NULL COMMENT 'SKUеӣҫзүҮ',
  `status` tinyint NULL DEFAULT 1 COMMENT 'зҠ¶жҖҒ: 1еҗҜз”Ё 0зҰҒз”Ё',
  `create_time` datetime NULL DEFAULT CURRENT_TIMESTAMP,
  `update_time` datetime NULL DEFAULT CURRENT_TIMESTAMP ON UPDATE CURRENT_TIMESTAMP COMMENT 'жӣҙж–°ж—¶й—ҙ',
  PRIMARY KEY (`id`) USING BTREE,
  UNIQUE INDEX `uk_sku_code`(`sku_code` ASC) USING BTREE,
  INDEX `idx_furniture_id`(`furniture_id` ASC) USING BTREE,
  CONSTRAINT `fk_sku_furniture` FOREIGN KEY (`furniture_id`) REFERENCES `furniture` (`id`) ON DELETE RESTRICT ON UPDATE RESTRICT,
  CONSTRAINT `sku_chk_stock` CHECK (`stock` >= 0)
) ENGINE = InnoDB AUTO_INCREMENT = 132 CHARACTER SET = utf8mb4 COLLATE = utf8mb4_0900_ai_ci COMMENT = 'SKUиЎЁ' ROW_FORMAT = DYNAMIC;

-- ----------------------------
-- Records of sku
-- ----------------------------
INSERT INTO `sku` VALUES (29, 1, 'CZ-H-1.5', 300.00, 10, 'https://gmc-1007.oss-cn-beijing.aliyuncs.com/furniture/2026/07/03/c48e7d8a13144e78878209095aaa59da.jpg', 1, '2026-07-03 10:28:16', '2026-07-11 17:22:09');
INSERT INTO `sku` VALUES (30, 1, 'CZ-B-1.5', 280.00, 0, '', 1, '2026-07-03 10:28:16', '2026-07-11 17:22:09');
INSERT INTO `sku` VALUES (31, 1, 'CZ-H-0.8', 210.00, 10, '', 1, '2026-07-03 10:28:16', '2026-07-11 17:22:09');
INSERT INTO `sku` VALUES (32, 1, 'CZ-B-0.8', 240.00, 10, '', 1, '2026-07-03 10:28:16', '2026-07-11 17:22:09');
INSERT INTO `sku` VALUES (61, 2, 'hl', 500.00, 10, '', 1, '2026-07-09 14:51:48', '2026-07-11 17:22:09');
INSERT INTO `sku` VALUES (62, 2, 'hs', 800.00, 10, '', 1, '2026-07-09 14:51:48', '2026-07-11 17:22:09');
INSERT INTO `sku` VALUES (63, 2, 'bl', 600.00, 10, '', 1, '2026-07-09 14:51:48', '2026-07-11 17:22:09');
INSERT INTO `sku` VALUES (64, 2, 'bs', 900.00, 10, '', 1, '2026-07-09 14:51:48', '2026-07-11 17:22:09');
INSERT INTO `sku` VALUES (69, 3, 'r1.8', 300.00, 5, '', 1, '2026-07-09 14:52:00', '2026-07-11 17:22:09');
INSERT INTO `sku` VALUES (70, 3, 'r1.5', 200.00, 5, '', 1, '2026-07-09 14:52:00', '2026-07-11 17:22:09');
INSERT INTO `sku` VALUES (71, 3, 'y1.8', 200.00, 5, '', 1, '2026-07-09 14:52:00', '2026-07-11 17:22:09');
INSERT INTO `sku` VALUES (72, 3, 'y1.5', 100.00, 5, '', 1, '2026-07-09 14:52:00', '2026-07-11 17:22:09');
INSERT INTO `sku` VALUES (93, 4, 'hys', 200.00, 15, '', 1, '2026-07-09 15:18:40', '2026-07-11 17:22:09');
INSERT INTO `sku` VALUES (94, 4, 'hyd', 100.00, 15, '', 1, '2026-07-09 15:18:40', '2026-07-11 17:22:09');
INSERT INTO `sku` VALUES (95, 4, 'bhs', 150.00, 15, '', 1, '2026-07-09 15:18:40', '2026-07-11 17:22:09');
INSERT INTO `sku` VALUES (96, 4, 'bhd', 90.00, 15, '', 1, '2026-07-09 15:18:40', '2026-07-11 17:22:09');
INSERT INTO `sku` VALUES (104, 5, 'by', 500.00, 5, 'https://gmc-1007.oss-cn-beijing.aliyuncs.com/furniture/2026/07/10/435be6b3add741cbb73ae7346cac7c35.webp', 1, '2026-07-10 11:19:35', '2026-07-11 17:22:09');
INSERT INTO `sku` VALUES (105, 5, 'bh', 600.00, 5, 'https://gmc-1007.oss-cn-beijing.aliyuncs.com/furniture/2026/07/10/257d36df7c7c4ca8930552dd2baec55b.webp', 1, '2026-07-10 11:19:35', '2026-07-11 17:22:09');
INSERT INTO `sku` VALUES (106, 5, 'hby', 700.00, 5, '', 1, '2026-07-10 11:19:35', '2026-07-11 17:22:09');
INSERT INTO `sku` VALUES (107, 5, 'hbh', 800.00, 5, '', 1, '2026-07-10 11:19:35', '2026-07-11 17:22:09');
INSERT INTO `sku` VALUES (108, 5, 'hy', 700.00, 5, '', 1, '2026-07-10 11:19:35', '2026-07-11 17:22:09');
INSERT INTO `sku` VALUES (109, 5, 'hh', 900.00, 5, '', 1, '2026-07-10 11:19:35', '2026-07-11 17:22:09');
INSERT INTO `sku` VALUES (110, 5, 'jh', 15000.00, 2, 'https://gmc-1007.oss-cn-beijing.aliyuncs.com/furniture/2026/07/10/1a7eb97d10384422887d6267b58fa399.webp', 1, '2026-07-10 11:19:35', '2026-07-11 17:22:09');
INSERT INTO `sku` VALUES (111, 6, 'hr', 80.00, 10, '', 1, '2026-07-10 11:27:28', '2026-07-11 17:22:09');
INSERT INTO `sku` VALUES (112, 6, 'hz', 70.00, 10, '', 1, '2026-07-10 11:27:28', '2026-07-11 17:22:09');
INSERT INTO `sku` VALUES (113, 6, 'hycy', 50.00, 10, '', 1, '2026-07-10 11:27:28', '2026-07-11 17:22:09');
INSERT INTO `sku` VALUES (114, 6, 'br', 80.00, 10, '', 1, '2026-07-10 11:27:28', '2026-07-11 17:22:09');
INSERT INTO `sku` VALUES (115, 6, 'bz', 70.00, 10, '', 1, '2026-07-10 11:27:28', '2026-07-11 17:22:09');
INSERT INTO `sku` VALUES (116, 6, 'bycy', 50.00, 10, '', 1, '2026-07-10 11:27:28', '2026-07-11 17:22:09');
INSERT INTO `sku` VALUES (117, 6, 'cr', 80.00, 10, '', 1, '2026-07-10 11:27:28', '2026-07-11 17:22:09');
INSERT INTO `sku` VALUES (118, 6, 'cz', 70.00, 10, '', 1, '2026-07-10 11:27:28', '2026-07-11 17:22:09');
INSERT INTO `sku` VALUES (119, 6, 'cy', 50.00, 10, '', 1, '2026-07-10 11:27:28', '2026-07-11 17:22:09');
INSERT INTO `sku` VALUES (120, 7, 'hcj', 800.00, 15, '', 1, '2026-07-10 11:28:42', '2026-07-11 17:22:09');
INSERT INTO `sku` VALUES (121, 7, 'bcj', 600.00, 15, '', 1, '2026-07-10 11:28:42', '2026-07-11 17:22:09');
INSERT INTO `sku` VALUES (122, 8, 'bm', 200.00, 10, '', 1, '2026-07-10 11:30:03', '2026-07-11 17:22:09');
INSERT INTO `sku` VALUES (123, 8, 'bbl', 400.00, 10, '', 1, '2026-07-10 11:30:03', '2026-07-11 17:22:09');
INSERT INTO `sku` VALUES (124, 8, 'hm', 200.00, 10, '', 1, '2026-07-10 11:30:03', '2026-07-11 17:22:09');
INSERT INTO `sku` VALUES (125, 8, 'hbl', 400.00, 10, '', 1, '2026-07-10 11:30:03', '2026-07-11 17:22:09');
INSERT INTO `sku` VALUES (126, 9, 'bsj', 200.00, 5, '', 1, '2026-07-10 11:31:08', '2026-07-11 17:22:09');
INSERT INTO `sku` VALUES (127, 9, 'heisj', 200.00, 5, '', 1, '2026-07-10 11:31:08', '2026-07-14 14:54:00');
INSERT INTO `sku` VALUES (128, 9, 'hsj', 200.00, 5, '', 1, '2026-07-10 11:31:08', '2026-07-11 17:22:09');
INSERT INTO `sku` VALUES (129, 10, 'hxg', 150.00, 10, '', 1, '2026-07-10 11:31:52', '2026-07-11 17:22:09');
INSERT INTO `sku` VALUES (130, 10, 'bxg', 150.00, 10, '', 1, '2026-07-10 11:31:52', '2026-07-11 17:22:09');
INSERT INTO `sku` VALUES (131, 10, 'heixg', 150.00, 10, '', 1, '2026-07-10 11:31:52', '2026-07-11 17:22:09');

-- ----------------------------
-- Table structure for sku_spec
-- ----------------------------
DROP TABLE IF EXISTS `sku_spec`;
CREATE TABLE `sku_spec`  (
  `id` bigint NOT NULL AUTO_INCREMENT,
  `sku_id` bigint NOT NULL COMMENT 'е…іиҒ”SKU ID',
  `spec_group_id` bigint NOT NULL COMMENT 'и§„ж јз»„ID',
  `spec_value_id` bigint NOT NULL COMMENT 'и§„ж јеҖјID',
  `create_time` datetime NULL DEFAULT CURRENT_TIMESTAMP COMMENT 'еҲӣе»әж—¶й—ҙ',
  PRIMARY KEY (`id`) USING BTREE,
  UNIQUE INDEX `uk_sku_spec_group`(`sku_id` ASC, `spec_group_id` ASC) USING BTREE,
  INDEX `idx_spec_value_id`(`spec_value_id` ASC) USING BTREE,
  INDEX `fk_sku_spec_group`(`spec_group_id` ASC) USING BTREE,
  CONSTRAINT `fk_sku_spec_group` FOREIGN KEY (`spec_group_id`) REFERENCES `spec_group` (`id`) ON DELETE RESTRICT ON UPDATE RESTRICT,
  CONSTRAINT `fk_sku_spec_sku` FOREIGN KEY (`sku_id`) REFERENCES `sku` (`id`) ON DELETE RESTRICT ON UPDATE RESTRICT,
  CONSTRAINT `fk_sku_spec_value` FOREIGN KEY (`spec_value_id`) REFERENCES `spec_value` (`id`) ON DELETE RESTRICT ON UPDATE RESTRICT
) ENGINE = InnoDB AUTO_INCREMENT = 183 CHARACTER SET = utf8mb4 COLLATE = utf8mb4_0900_ai_ci COMMENT = 'SKUдёҺи§„ж јеҖје…іиҒ”иЎЁ' ROW_FORMAT = DYNAMIC;

-- ----------------------------
-- Records of sku_spec
-- ----------------------------
INSERT INTO `sku_spec` VALUES (17, 29, 9, 17, '2026-07-11 17:22:09');
INSERT INTO `sku_spec` VALUES (18, 29, 10, 19, '2026-07-11 17:22:09');
INSERT INTO `sku_spec` VALUES (19, 30, 9, 17, '2026-07-11 17:22:09');
INSERT INTO `sku_spec` VALUES (20, 30, 10, 20, '2026-07-11 17:22:09');
INSERT INTO `sku_spec` VALUES (21, 31, 9, 18, '2026-07-11 17:22:09');
INSERT INTO `sku_spec` VALUES (22, 31, 10, 19, '2026-07-11 17:22:09');
INSERT INTO `sku_spec` VALUES (23, 32, 9, 18, '2026-07-11 17:22:09');
INSERT INTO `sku_spec` VALUES (24, 32, 10, 20, '2026-07-11 17:22:09');
INSERT INTO `sku_spec` VALUES (49, 61, 30, 59, '2026-07-11 17:22:09');
INSERT INTO `sku_spec` VALUES (50, 61, 31, 61, '2026-07-11 17:22:09');
INSERT INTO `sku_spec` VALUES (51, 62, 30, 59, '2026-07-11 17:22:09');
INSERT INTO `sku_spec` VALUES (52, 62, 31, 62, '2026-07-11 17:22:09');
INSERT INTO `sku_spec` VALUES (53, 63, 30, 60, '2026-07-11 17:22:09');
INSERT INTO `sku_spec` VALUES (54, 63, 31, 61, '2026-07-11 17:22:09');
INSERT INTO `sku_spec` VALUES (55, 64, 30, 60, '2026-07-11 17:22:09');
INSERT INTO `sku_spec` VALUES (56, 64, 31, 62, '2026-07-11 17:22:09');
INSERT INTO `sku_spec` VALUES (65, 69, 34, 67, '2026-07-11 17:22:09');
INSERT INTO `sku_spec` VALUES (66, 69, 35, 69, '2026-07-11 17:22:09');
INSERT INTO `sku_spec` VALUES (67, 70, 34, 67, '2026-07-11 17:22:09');
INSERT INTO `sku_spec` VALUES (68, 70, 35, 70, '2026-07-11 17:22:09');
INSERT INTO `sku_spec` VALUES (69, 71, 34, 68, '2026-07-11 17:22:09');
INSERT INTO `sku_spec` VALUES (70, 71, 35, 69, '2026-07-11 17:22:09');
INSERT INTO `sku_spec` VALUES (71, 72, 34, 68, '2026-07-11 17:22:09');
INSERT INTO `sku_spec` VALUES (72, 72, 35, 70, '2026-07-11 17:22:09');
INSERT INTO `sku_spec` VALUES (109, 93, 48, 98, '2026-07-11 17:22:09');
INSERT INTO `sku_spec` VALUES (110, 93, 49, 100, '2026-07-11 17:22:09');
INSERT INTO `sku_spec` VALUES (111, 93, 50, 102, '2026-07-11 17:22:09');
INSERT INTO `sku_spec` VALUES (112, 94, 48, 98, '2026-07-11 17:22:09');
INSERT INTO `sku_spec` VALUES (113, 94, 49, 100, '2026-07-11 17:22:09');
INSERT INTO `sku_spec` VALUES (114, 94, 50, 103, '2026-07-11 17:22:09');
INSERT INTO `sku_spec` VALUES (115, 95, 48, 99, '2026-07-11 17:22:09');
INSERT INTO `sku_spec` VALUES (116, 95, 49, 101, '2026-07-11 17:22:09');
INSERT INTO `sku_spec` VALUES (117, 95, 50, 102, '2026-07-11 17:22:09');
INSERT INTO `sku_spec` VALUES (118, 96, 48, 99, '2026-07-11 17:22:09');
INSERT INTO `sku_spec` VALUES (119, 96, 49, 101, '2026-07-11 17:22:09');
INSERT INTO `sku_spec` VALUES (120, 96, 50, 103, '2026-07-11 17:22:09');
INSERT INTO `sku_spec` VALUES (135, 104, 53, 111, '2026-07-11 17:22:09');
INSERT INTO `sku_spec` VALUES (136, 104, 54, 115, '2026-07-11 17:22:09');
INSERT INTO `sku_spec` VALUES (137, 105, 53, 111, '2026-07-11 17:22:09');
INSERT INTO `sku_spec` VALUES (138, 105, 54, 116, '2026-07-11 17:22:09');
INSERT INTO `sku_spec` VALUES (139, 106, 53, 112, '2026-07-11 17:22:09');
INSERT INTO `sku_spec` VALUES (140, 106, 54, 115, '2026-07-11 17:22:09');
INSERT INTO `sku_spec` VALUES (141, 107, 53, 112, '2026-07-11 17:22:09');
INSERT INTO `sku_spec` VALUES (142, 107, 54, 116, '2026-07-11 17:22:09');
INSERT INTO `sku_spec` VALUES (143, 108, 53, 113, '2026-07-11 17:22:09');
INSERT INTO `sku_spec` VALUES (144, 108, 54, 115, '2026-07-11 17:22:09');
INSERT INTO `sku_spec` VALUES (145, 109, 53, 113, '2026-07-11 17:22:09');
INSERT INTO `sku_spec` VALUES (146, 109, 54, 116, '2026-07-11 17:22:09');
INSERT INTO `sku_spec` VALUES (147, 110, 53, 114, '2026-07-11 17:22:09');
INSERT INTO `sku_spec` VALUES (148, 110, 54, 117, '2026-07-11 17:22:09');
INSERT INTO `sku_spec` VALUES (149, 111, 61, 136, '2026-07-11 17:22:09');
INSERT INTO `sku_spec` VALUES (150, 111, 62, 139, '2026-07-11 17:22:09');
INSERT INTO `sku_spec` VALUES (151, 112, 61, 136, '2026-07-11 17:22:09');
INSERT INTO `sku_spec` VALUES (152, 112, 62, 140, '2026-07-11 17:22:09');
INSERT INTO `sku_spec` VALUES (153, 113, 61, 136, '2026-07-11 17:22:09');
INSERT INTO `sku_spec` VALUES (154, 113, 62, 141, '2026-07-11 17:22:09');
INSERT INTO `sku_spec` VALUES (155, 114, 61, 137, '2026-07-11 17:22:09');
INSERT INTO `sku_spec` VALUES (156, 114, 62, 139, '2026-07-11 17:22:09');
INSERT INTO `sku_spec` VALUES (157, 115, 61, 137, '2026-07-11 17:22:09');
INSERT INTO `sku_spec` VALUES (158, 115, 62, 140, '2026-07-11 17:22:09');
INSERT INTO `sku_spec` VALUES (159, 116, 61, 137, '2026-07-11 17:22:09');
INSERT INTO `sku_spec` VALUES (160, 116, 62, 141, '2026-07-11 17:22:09');
INSERT INTO `sku_spec` VALUES (161, 117, 61, 138, '2026-07-11 17:22:09');
INSERT INTO `sku_spec` VALUES (162, 117, 62, 139, '2026-07-11 17:22:09');
INSERT INTO `sku_spec` VALUES (163, 118, 61, 138, '2026-07-11 17:22:09');
INSERT INTO `sku_spec` VALUES (164, 118, 62, 140, '2026-07-11 17:22:09');
INSERT INTO `sku_spec` VALUES (165, 119, 61, 138, '2026-07-11 17:22:09');
INSERT INTO `sku_spec` VALUES (166, 119, 62, 141, '2026-07-11 17:22:09');
INSERT INTO `sku_spec` VALUES (167, 120, 63, 142, '2026-07-11 17:22:09');
INSERT INTO `sku_spec` VALUES (168, 121, 63, 143, '2026-07-11 17:22:09');
INSERT INTO `sku_spec` VALUES (169, 122, 64, 144, '2026-07-11 17:22:09');
INSERT INTO `sku_spec` VALUES (170, 122, 65, 146, '2026-07-11 17:22:09');
INSERT INTO `sku_spec` VALUES (171, 123, 64, 144, '2026-07-11 17:22:09');
INSERT INTO `sku_spec` VALUES (172, 123, 65, 147, '2026-07-11 17:22:09');
INSERT INTO `sku_spec` VALUES (173, 124, 64, 145, '2026-07-11 17:22:09');
INSERT INTO `sku_spec` VALUES (174, 124, 65, 146, '2026-07-11 17:22:09');
INSERT INTO `sku_spec` VALUES (175, 125, 64, 145, '2026-07-11 17:22:09');
INSERT INTO `sku_spec` VALUES (176, 125, 65, 147, '2026-07-11 17:22:09');
INSERT INTO `sku_spec` VALUES (177, 126, 66, 148, '2026-07-11 17:22:09');
INSERT INTO `sku_spec` VALUES (178, 127, 66, 149, '2026-07-11 17:22:09');
INSERT INTO `sku_spec` VALUES (179, 128, 66, 150, '2026-07-11 17:22:09');
INSERT INTO `sku_spec` VALUES (180, 129, 67, 151, '2026-07-11 17:22:09');
INSERT INTO `sku_spec` VALUES (181, 130, 67, 152, '2026-07-11 17:22:09');
INSERT INTO `sku_spec` VALUES (182, 131, 67, 153, '2026-07-11 17:22:09');

-- ----------------------------
-- Table structure for spec_group
-- ----------------------------
DROP TABLE IF EXISTS `spec_group`;
CREATE TABLE `spec_group`  (
  `id` bigint NOT NULL AUTO_INCREMENT,
  `furniture_id` bigint NOT NULL COMMENT 'е…іиҒ”е•Ҷе“ҒID',
  `group_name` varchar(50) CHARACTER SET utf8mb4 COLLATE utf8mb4_0900_ai_ci NOT NULL COMMENT 'и§„ж јз»„еҗҚз§°пјҢеҰӮйўңиүІгҖҒе°әеҜё',
  `sort` int NULL DEFAULT 0 COMMENT 'жҺ’еәҸ',
  `create_time` datetime NULL DEFAULT CURRENT_TIMESTAMP,
  `update_time` datetime NULL DEFAULT CURRENT_TIMESTAMP ON UPDATE CURRENT_TIMESTAMP COMMENT 'жӣҙж–°ж—¶й—ҙ',
  PRIMARY KEY (`id`) USING BTREE,
  UNIQUE INDEX `uk_furniture_group`(`furniture_id` ASC, `group_name` ASC) USING BTREE,
  INDEX `idx_furniture_id`(`furniture_id` ASC) USING BTREE,
  CONSTRAINT `fk_spec_group_furniture` FOREIGN KEY (`furniture_id`) REFERENCES `furniture` (`id`) ON DELETE RESTRICT ON UPDATE RESTRICT
) ENGINE = InnoDB AUTO_INCREMENT = 68 CHARACTER SET = utf8mb4 COLLATE = utf8mb4_0900_ai_ci COMMENT = 'и§„ж јз»„иЎЁ' ROW_FORMAT = DYNAMIC;

-- ----------------------------
-- Records of spec_group
-- ----------------------------
INSERT INTO `spec_group` VALUES (9, 1, 'еӨ§е°Ҹ', 1, '2026-07-03 10:28:16', '2026-07-11 17:22:09');
INSERT INTO `spec_group` VALUES (10, 1, 'йўңиүІ', 2, '2026-07-03 10:28:16', '2026-07-11 17:22:09');
INSERT INTO `spec_group` VALUES (30, 2, 'йўңиүІ', 0, '2026-07-09 14:51:48', '2026-07-11 17:22:09');
INSERT INTO `spec_group` VALUES (31, 2, 'дәәж•°', 1, '2026-07-09 14:51:48', '2026-07-11 17:22:09');
INSERT INTO `spec_group` VALUES (34, 3, 'иҙЁең°', 0, '2026-07-09 14:52:00', '2026-07-11 17:22:09');
INSERT INTO `spec_group` VALUES (35, 3, 'е°әеҜёпјҲзұіпјү', 1, '2026-07-09 14:52:00', '2026-07-11 17:22:09');
INSERT INTO `spec_group` VALUES (48, 4, 'йўңиүІ', 0, '2026-07-09 15:18:40', '2026-07-11 17:22:09');
INSERT INTO `spec_group` VALUES (49, 4, 'жңЁиҙЁ', 1, '2026-07-09 15:18:40', '2026-07-11 17:22:09');
INSERT INTO `spec_group` VALUES (50, 4, 'еӨ§е°Ҹ', 2, '2026-07-09 15:18:40', '2026-07-11 17:22:09');
INSERT INTO `spec_group` VALUES (53, 5, 'йўңиүІ', 0, '2026-07-10 11:19:35', '2026-07-11 17:22:09');
INSERT INTO `spec_group` VALUES (54, 5, 'жқҗиҙЁ', 1, '2026-07-10 11:19:35', '2026-07-11 17:22:09');
INSERT INTO `spec_group` VALUES (61, 6, 'йўңиүІ', 0, '2026-07-10 11:27:28', '2026-07-11 17:22:09');
INSERT INTO `spec_group` VALUES (62, 6, 'зЎ¬еәҰ', 1, '2026-07-10 11:27:28', '2026-07-11 17:22:09');
INSERT INTO `spec_group` VALUES (63, 7, 'йўңиүІ', 0, '2026-07-10 11:28:42', '2026-07-11 17:22:09');
INSERT INTO `spec_group` VALUES (64, 8, 'йўңиүІ', 0, '2026-07-10 11:30:03', '2026-07-11 17:22:09');
INSERT INTO `spec_group` VALUES (65, 8, 'иҙЁең°', 1, '2026-07-10 11:30:03', '2026-07-11 17:22:09');
INSERT INTO `spec_group` VALUES (66, 9, 'йўңиүІ', 0, '2026-07-10 11:31:08', '2026-07-11 17:22:09');
INSERT INTO `spec_group` VALUES (67, 10, 'йўңиүІ', 0, '2026-07-10 11:31:52', '2026-07-11 17:22:09');

-- ----------------------------
-- Table structure for spec_value
-- ----------------------------
DROP TABLE IF EXISTS `spec_value`;
CREATE TABLE `spec_value`  (
  `id` bigint NOT NULL AUTO_INCREMENT,
  `spec_group_id` bigint NOT NULL COMMENT 'е…іиҒ”и§„ж јз»„ID',
  `value_name` varchar(100) CHARACTER SET utf8mb4 COLLATE utf8mb4_0900_ai_ci NOT NULL COMMENT 'и§„ж јеҖјеҗҚз§°пјҢеҰӮзұізҷҪгҖҒдёүдәәдҪҚ',
  `value_image` varchar(500) CHARACTER SET utf8mb4 COLLATE utf8mb4_0900_ai_ci NULL DEFAULT NULL COMMENT 'и§„ж јеҖјеӣҫзүҮURL',
  `sort` int NULL DEFAULT 0 COMMENT 'жҺ’еәҸ',
  `create_time` datetime NULL DEFAULT CURRENT_TIMESTAMP COMMENT 'еҲӣе»әж—¶й—ҙ',
  `update_time` datetime NULL DEFAULT CURRENT_TIMESTAMP ON UPDATE CURRENT_TIMESTAMP COMMENT 'жӣҙж–°ж—¶й—ҙ',
  PRIMARY KEY (`id`) USING BTREE,
  UNIQUE INDEX `uk_group_value`(`spec_group_id` ASC, `value_name` ASC) USING BTREE,
  INDEX `idx_spec_group_id`(`spec_group_id` ASC) USING BTREE,
  CONSTRAINT `fk_spec_value_group` FOREIGN KEY (`spec_group_id`) REFERENCES `spec_group` (`id`) ON DELETE RESTRICT ON UPDATE RESTRICT
) ENGINE = InnoDB AUTO_INCREMENT = 154 CHARACTER SET = utf8mb4 COLLATE = utf8mb4_0900_ai_ci COMMENT = 'и§„ж јеҖјиЎЁ' ROW_FORMAT = DYNAMIC;

-- ----------------------------
-- Records of spec_value
-- ----------------------------
INSERT INTO `spec_value` VALUES (17, 9, '1.5Г—1.5', '', 0, '2026-07-11 17:22:09', '2026-07-11 17:22:09');
INSERT INTO `spec_value` VALUES (18, 9, '0.8Г—0.8', '', 1, '2026-07-11 17:22:09', '2026-07-11 17:22:09');
INSERT INTO `spec_value` VALUES (19, 10, 'й»‘иүІ', '', 0, '2026-07-11 17:22:09', '2026-07-11 17:22:09');
INSERT INTO `spec_value` VALUES (20, 10, 'зҷҪиүІ', '', 1, '2026-07-11 17:22:09', '2026-07-11 17:22:09');
INSERT INTO `spec_value` VALUES (59, 30, 'й»‘иүІ', '', 0, '2026-07-11 17:22:09', '2026-07-11 17:22:09');
INSERT INTO `spec_value` VALUES (60, 30, 'е’–иүІ', '', 1, '2026-07-11 17:22:09', '2026-07-11 17:22:09');
INSERT INTO `spec_value` VALUES (61, 31, 'дёӨдәәдҪҚ', '', 0, '2026-07-11 17:22:09', '2026-07-11 17:22:09');
INSERT INTO `spec_value` VALUES (62, 31, 'дёүдәәдҪҚ', '', 1, '2026-07-11 17:22:09', '2026-07-11 17:22:09');
INSERT INTO `spec_value` VALUES (67, 34, 'иҪҜ', '', 0, '2026-07-11 17:22:09', '2026-07-11 17:22:09');
INSERT INTO `spec_value` VALUES (68, 34, 'зЎ¬', '', 1, '2026-07-11 17:22:09', '2026-07-11 17:22:09');
INSERT INTO `spec_value` VALUES (69, 35, '1.8 Г— 2.0', '', 0, '2026-07-11 17:22:09', '2026-07-11 17:22:09');
INSERT INTO `spec_value` VALUES (70, 35, '1.5 Г— 1.8', '', 1, '2026-07-11 17:22:09', '2026-07-11 17:22:09');
INSERT INTO `spec_value` VALUES (98, 48, 'й»‘иүІ', '', 0, '2026-07-11 17:22:09', '2026-07-11 17:22:09');
INSERT INTO `spec_value` VALUES (99, 48, 'зҷҪиүІ', '', 1, '2026-07-11 17:22:09', '2026-07-11 17:22:09');
INSERT INTO `spec_value` VALUES (100, 49, 'еҺҹжңЁ', '', 0, '2026-07-11 17:22:09', '2026-07-11 17:22:09');
INSERT INTO `spec_value` VALUES (101, 49, 'жЎҰжңЁ', '', 1, '2026-07-11 17:22:09', '2026-07-11 17:22:09');
INSERT INTO `spec_value` VALUES (102, 50, 'еҸҢдәә', '', 0, '2026-07-11 17:22:09', '2026-07-11 17:22:09');
INSERT INTO `spec_value` VALUES (103, 50, 'еҚ•дәә', '', 1, '2026-07-11 17:22:09', '2026-07-11 17:22:09');
INSERT INTO `spec_value` VALUES (111, 53, 'зәҜзҷҪ', '', 0, '2026-07-11 17:22:09', '2026-07-11 17:22:09');
INSERT INTO `spec_value` VALUES (112, 53, 'й»‘зҷҪ', '', 1, '2026-07-11 17:22:09', '2026-07-11 17:22:09');
INSERT INTO `spec_value` VALUES (113, 53, 'й»‘иүІ', '', 2, '2026-07-11 17:22:09', '2026-07-11 17:22:09');
INSERT INTO `spec_value` VALUES (114, 53, 'йҮ‘й»„', '', 3, '2026-07-11 17:22:09', '2026-07-11 17:22:09');
INSERT INTO `spec_value` VALUES (115, 54, 'еҺҹжңЁ', '', 0, '2026-07-11 17:22:09', '2026-07-11 17:22:09');
INSERT INTO `spec_value` VALUES (116, 54, 'жЎҰжңЁ', '', 1, '2026-07-11 17:22:09', '2026-07-11 17:22:09');
INSERT INTO `spec_value` VALUES (117, 54, 'йҮ‘дёқжҘ жңЁ', '', 2, '2026-07-11 17:22:09', '2026-07-11 17:22:09');
INSERT INTO `spec_value` VALUES (136, 61, 'й»‘иүІ', '', 0, '2026-07-11 17:22:09', '2026-07-11 17:22:09');
INSERT INTO `spec_value` VALUES (137, 61, 'зҷҪиүІ', '', 1, '2026-07-11 17:22:09', '2026-07-11 17:22:09');
INSERT INTO `spec_value` VALUES (138, 61, 'ж©ҷиүІ', '', 2, '2026-07-11 17:22:09', '2026-07-11 17:22:09');
INSERT INTO `spec_value` VALUES (139, 62, 'иҪҜ', '', 0, '2026-07-11 17:22:09', '2026-07-11 17:22:09');
INSERT INTO `spec_value` VALUES (140, 62, 'дёӯ', '', 1, '2026-07-11 17:22:09', '2026-07-11 17:22:09');
INSERT INTO `spec_value` VALUES (141, 62, 'зЎ¬', '', 2, '2026-07-11 17:22:09', '2026-07-11 17:22:09');
INSERT INTO `spec_value` VALUES (142, 63, 'й»‘иүІ', '', 0, '2026-07-11 17:22:09', '2026-07-11 17:22:09');
INSERT INTO `spec_value` VALUES (143, 63, 'зҷҪиүІ', '', 1, '2026-07-11 17:22:09', '2026-07-11 17:22:09');
INSERT INTO `spec_value` VALUES (144, 64, 'зҷҪиүІ', '', 0, '2026-07-11 17:22:09', '2026-07-11 17:22:09');
INSERT INTO `spec_value` VALUES (145, 64, 'й»„иүІ', '', 1, '2026-07-11 17:22:09', '2026-07-11 17:22:09');
INSERT INTO `spec_value` VALUES (146, 65, 'жңЁиҙЁ', '', 0, '2026-07-11 17:22:09', '2026-07-11 17:22:09');
INSERT INTO `spec_value` VALUES (147, 65, 'зҺ»з’ғеҲ¶', '', 1, '2026-07-11 17:22:09', '2026-07-11 17:22:09');
INSERT INTO `spec_value` VALUES (148, 66, 'зҷҪиүІ', '', 0, '2026-07-11 17:22:09', '2026-07-11 17:22:09');
INSERT INTO `spec_value` VALUES (149, 66, 'й»‘иүІ', '', 1, '2026-07-11 17:22:09', '2026-07-11 17:22:09');
INSERT INTO `spec_value` VALUES (150, 66, 'й»„иүІ', '', 2, '2026-07-11 17:22:09', '2026-07-11 17:22:09');
INSERT INTO `spec_value` VALUES (151, 67, 'й»„иүІ', '', 0, '2026-07-11 17:22:09', '2026-07-11 17:22:09');
INSERT INTO `spec_value` VALUES (152, 67, 'зҷҪиүІ', '', 1, '2026-07-11 17:22:09', '2026-07-11 17:22:09');
INSERT INTO `spec_value` VALUES (153, 67, 'й»‘иүІ', '', 2, '2026-07-11 17:22:09', '2026-07-11 17:22:09');

-- ----------------------------
-- Table structure for user
-- ----------------------------
DROP TABLE IF EXISTS `user`;
CREATE TABLE `user`  (
  `id` bigint NOT NULL AUTO_INCREMENT,
  `phone` varchar(15) CHARACTER SET utf8mb4 COLLATE utf8mb4_0900_ai_ci NULL DEFAULT NULL,
  `email` varchar(100) CHARACTER SET utf8mb4 COLLATE utf8mb4_0900_ai_ci NULL DEFAULT NULL,
  `pass_word` varchar(255) CHARACTER SET utf8mb4 COLLATE utf8mb4_0900_ai_ci NULL DEFAULT NULL,
  `user_name` varchar(50) CHARACTER SET utf8mb4 COLLATE utf8mb4_0900_ai_ci NULL DEFAULT NULL,
  `icon` varchar(255) CHARACTER SET utf8mb4 COLLATE utf8mb4_0900_ai_ci NULL DEFAULT NULL,
  `address` varchar(255) CHARACTER SET utf8mb4 COLLATE utf8mb4_0900_ai_ci NULL DEFAULT NULL,
  `consignee` varchar(20) CHARACTER SET utf8mb4 COLLATE utf8mb4_0900_ai_ci NULL DEFAULT NULL,
  `consignee_phone` varchar(15) CHARACTER SET utf8mb4 COLLATE utf8mb4_0900_ai_ci NULL DEFAULT NULL,
  `create_time` datetime NULL DEFAULT NULL,
  `update_time` datetime NULL DEFAULT CURRENT_TIMESTAMP ON UPDATE CURRENT_TIMESTAMP COMMENT 'жӣҙж–°ж—¶й—ҙ',
  `is_admin` int NULL DEFAULT 0,
  `deleted` tinyint(1) NOT NULL DEFAULT 0 COMMENT 'йҖ»иҫ‘еҲ йҷӨ(0жңӘеҲ /1е·ІеҲ )',
  PRIMARY KEY (`id`) USING BTREE,
  UNIQUE INDEX `uk_phone`(`phone` ASC) USING BTREE,
  UNIQUE INDEX `uk_email`(`email` ASC) USING BTREE
) ENGINE = InnoDB AUTO_INCREMENT = 4 CHARACTER SET = utf8mb4 COLLATE = utf8mb4_0900_ai_ci ROW_FORMAT = DYNAMIC;

-- ----------------------------
-- Records of user
-- ----------------------------
INSERT INTO `user` VALUES (1, '13483005180', '3102777566@qq.com', '$2a$10$3ku3PIB.aOrGLa1IfABf..0PKRSSCdctFjCUUgHzJLjPiZ.aDmt5a', 'Glimcy', 'https://gmc-1007.oss-cn-beijing.aliyuncs.com/avatar/2026/05/20/50bbfc8ad6a64616bcd701a83d3cce68.jpg', 'UK', 'йғӯеҗҚеҹҺ', '13444444444', '2026-03-24 18:39:53', '2026-07-11 17:22:09', 1, 0);
INSERT INTO `user` VALUES (2, '13483005181', '3482439245@qq.com', '$2a$10$JxYiyP/G0Jg9BgcIPyv.q.OuWuZDPry7IODX5ZxXZvQ/QTKLd1Bja', 'LOPS', 'https://gmc-1007.oss-cn-beijing.aliyuncs.com/avatar/2026/06/22/9f63f90629bb43d59418014a9d05a97e.jpg', 'жІіеҢ—зңҒйӮҜйғёеёӮ', 'еҗҚз§°', '13483005181', '2026-03-23 18:39:56', '2026-07-11 17:22:09', 0, 0);

-- ----------------------------
-- Table structure for user_address
-- ----------------------------
DROP TABLE IF EXISTS `user_address`;
CREATE TABLE `user_address`  (
  `id` bigint NOT NULL AUTO_INCREMENT,
  `user_id` bigint NOT NULL,
  `consignee` varchar(50) CHARACTER SET utf8mb4 COLLATE utf8mb4_0900_ai_ci NOT NULL,
  `phone` varchar(20) CHARACTER SET utf8mb4 COLLATE utf8mb4_0900_ai_ci NOT NULL,
  `address` varchar(200) CHARACTER SET utf8mb4 COLLATE utf8mb4_0900_ai_ci NOT NULL,
  `is_default` tinyint NULL DEFAULT 0,
  `create_time` datetime NULL DEFAULT CURRENT_TIMESTAMP,
  PRIMARY KEY (`id`) USING BTREE,
  INDEX `idx_user_id`(`user_id` ASC) USING BTREE,
  CONSTRAINT `fk_user_address_user` FOREIGN KEY (`user_id`) REFERENCES `user` (`id`) ON DELETE RESTRICT ON UPDATE RESTRICT
) ENGINE = InnoDB AUTO_INCREMENT = 13 CHARACTER SET = utf8mb4 COLLATE = utf8mb4_0900_ai_ci ROW_FORMAT = DYNAMIC;

-- ----------------------------
-- Records of user_address
-- ----------------------------
INSERT INTO `user_address` VALUES (1, 1, 'йғӯеҗҚеҹҺ', '13444444444', 'USA', 0, '2026-05-26 14:31:07');
INSERT INTO `user_address` VALUES (2, 1, 'йғӯеҗҚеҹҺ', '13444444444', 'UK', 1, '2026-05-26 14:31:24');

-- ----------------------------
-- Table structure for user_notification
-- ----------------------------
DROP TABLE IF EXISTS `user_notification`;
CREATE TABLE `user_notification`  (
  `id` bigint NOT NULL AUTO_INCREMENT,
  `notification_id` bigint NOT NULL COMMENT 'йҖҡзҹҘID',
  `user_id` bigint NOT NULL COMMENT 'з”ЁжҲ·ID',
  `read_time` datetime NULL DEFAULT NULL COMMENT 'йҳ…иҜ»ж—¶й—ҙ',
  `is_read` tinyint(1) NOT NULL DEFAULT 0 COMMENT 'жҳҜеҗҰе·ІиҜ» 0=жңӘиҜ» 1=е·ІиҜ»',
  `is_deleted` tinyint(1) NOT NULL DEFAULT 0 COMMENT 'з”ЁжҲ·жҳҜеҗҰеҲ йҷӨ 0=жңӘеҲ  1=е·ІеҲ ',
  `create_time` datetime NULL DEFAULT CURRENT_TIMESTAMP COMMENT 'еҲӣе»әж—¶й—ҙ',
  `update_time` datetime NULL DEFAULT NULL COMMENT 'жӣҙж–°ж—¶й—ҙ',
  PRIMARY KEY (`id`) USING BTREE,
  UNIQUE INDEX `uk_notification_user`(`notification_id` ASC, `user_id` ASC) USING BTREE,
  INDEX `idx_user_deleted`(`user_id` ASC, `is_deleted` ASC) USING BTREE,
  CONSTRAINT `fk_notification_read_notification` FOREIGN KEY (`notification_id`) REFERENCES `notification` (`id`) ON DELETE RESTRICT ON UPDATE RESTRICT,
  CONSTRAINT `fk_notification_read_user` FOREIGN KEY (`user_id`) REFERENCES `user` (`id`) ON DELETE RESTRICT ON UPDATE RESTRICT
) ENGINE = InnoDB AUTO_INCREMENT = 16 CHARACTER SET = utf8mb4 COLLATE = utf8mb4_0900_ai_ci COMMENT = 'йҖҡзҹҘе·ІиҜ»и®°еҪ•иЎЁ' ROW_FORMAT = DYNAMIC;

-- ----------------------------
-- Records of user_notification
-- ----------------------------
INSERT INTO `user_notification` VALUES (1, 1, 1, '2026-05-26 10:00:00', 1, 1, '2026-07-11 17:22:09', '2026-07-08 09:57:01');
INSERT INTO `user_notification` VALUES (2, 10, 1, '2026-05-26 10:00:00', 1, 0, '2026-07-11 17:22:09', NULL);
INSERT INTO `user_notification` VALUES (3, 11, 1, '2026-05-26 10:00:00', 1, 0, '2026-07-11 17:22:09', NULL);
INSERT INTO `user_notification` VALUES (4, 12, 1, '2026-05-26 12:36:47', 1, 0, '2026-07-11 17:22:09', NULL);
INSERT INTO `user_notification` VALUES (5, 13, 1, '2026-05-26 14:08:23', 1, 0, '2026-07-11 17:22:09', NULL);
INSERT INTO `user_notification` VALUES (6, 1, 2, '2026-05-26 14:08:56', 1, 0, '2026-07-11 17:22:09', NULL);
INSERT INTO `user_notification` VALUES (7, 10, 2, '2026-05-26 14:08:56', 1, 0, '2026-07-11 17:22:09', NULL);
INSERT INTO `user_notification` VALUES (8, 12, 2, '2026-05-26 14:08:56', 1, 0, '2026-07-11 17:22:09', NULL);
INSERT INTO `user_notification` VALUES (9, 13, 2, '2026-05-26 14:08:56', 1, 0, '2026-07-11 17:22:09', NULL);
INSERT INTO `user_notification` VALUES (10, 14, 1, '2026-06-22 17:39:42', 1, 0, '2026-07-11 17:22:09', NULL);
INSERT INTO `user_notification` VALUES (11, 15, 2, '2026-07-03 11:21:39', 1, 0, '2026-07-11 17:22:09', NULL);
INSERT INTO `user_notification` VALUES (12, 16, 1, '2026-07-08 10:41:50', 1, 1, '2026-07-11 17:22:09', '2026-07-08 11:25:28');
INSERT INTO `user_notification` VALUES (13, 17, 1, '2026-07-08 11:25:14', 1, 1, '2026-07-11 17:22:09', '2026-07-08 11:25:25');
INSERT INTO `user_notification` VALUES (14, 18, 1, '2026-07-10 17:47:51', 1, 0, '2026-07-11 17:22:09', '2026-07-10 17:47:51');
INSERT INTO `user_notification` VALUES (15, 19, 2, '2026-07-11 10:53:00', 1, 0, '2026-07-11 17:22:09', '2026-07-11 10:53:00');

SET FOREIGN_KEY_CHECKS = 1;
